"0","48","1039","86","1979-05-05 15:11:54","Radio system you wish.","3"
"1","45","1971","33","2003-03-26 18:47:01","Citizen you easy summer house way member.","1"
"2","16","106","40","2014-04-23 16:28:07","Conference inside bank most.","1"
"3","68","59","19","1973-05-25 23:54:39","Go president response task.","3"
"4","1","1032","28","1980-11-10 20:02:47","Mean class job anyone.","3"
"5","2","1187","72","1978-07-23 23:33:36","Thing when system the sister while.","5"
"6","60","1354","58","2007-02-23 08:47:31","Resource black four start.","4"
"7","85","968","11","1987-06-20 17:23:08","Pretty hold help job group.","4"
"8","3","243","77","2012-07-27 09:40:02","Forget security listen while nor amount.","1"
"9","83","766","26","2004-08-06 22:50:37","Sport card tough care unit value.","2"
"10","65","598","32","1996-09-09 20:34:26","Popular actually resource we garden security another.","1"
"11","15","1437","54","1992-01-21 07:16:01","Suffer management figure reality participant again how.","4"
"12","98","1529","83","2020-09-18 07:01:26","Push above several turn idea man.","3"
"13","93","976","21","1993-01-08 15:27:14","Field least success.","4"
"14","67","1292","30","1993-08-25 09:24:31","Machine management southern.","4"
"15","92","480","70","1984-01-02 09:13:40","Discussion nearly million the various.","2"
"16","12","1708","49","2012-05-29 18:08:53","Among PM collection.","5"
"17","43","598","61","2012-11-06 03:57:21","Cold anyone late along hotel size.","3"
"18","39","1331","49","2012-04-14 11:06:30","People past staff.","3"
"19","22","973","8","1992-10-08 09:40:17","If democratic believe history listen outside.","3"
"20","10","1786","91","1999-09-30 21:53:07","Ready management appear up bring market.","3"
"21","16","1744","37","2021-09-17 18:53:31","Industry realize southern material nation boy must.","2"
"22","80","261","48","1996-04-01 19:00:11","Hot night almost ago I others next.","3"
"23","84","1237","46","2007-03-25 17:08:13","Pick data agree million.","5"
"24","78","1895","94","2007-05-28 11:32:44","Up though politics.","3"
"25","64","1068","28","1986-02-05 01:57:09","Various daughter me middle scientist.","4"
"26","62","928","87","1974-09-03 00:08:22","Per thousand federal modern.","5"
"27","58","377","54","2019-03-18 23:10:37","Author friend need fill treat trade.","4"
"28","15","314","22","2004-05-21 14:38:14","For line factor one.","5"
"29","77","1201","50","1980-09-13 21:59:46","Also morning push tough population develop question.","4"
"30","97","1269","25","2012-04-04 05:49:44","Without how most his high career.","3"
"31","70","125","98","1973-11-09 04:05:19","Yeah cup draw article apply attention south.","4"
"32","60","728","38","1974-12-08 12:48:25","Election data light court executive article.","1"
"33","46","13","23","1996-01-24 23:18:23","Condition degree standard realize lay.","4"
"34","77","65","14","1978-11-17 07:39:32","Some child argue other buy everybody well.","3"
"35","6","263","30","2021-10-27 11:42:24","North challenge true character.","5"
"36","69","1565","37","2001-05-18 17:51:01","Game of drive might employee ever teach.","1"
"37","22","1729","65","2016-01-13 11:53:10","Central upon skill wish someone.","1"
"38","99","1593","76","2007-01-19 00:40:57","Property opportunity west discover PM.","3"
"39","45","193","22","1983-03-12 02:45:35","Population stand reason.","2"
"40","8","557","35","1971-08-12 09:19:54","Expect improve approach letter put push decade.","4"
"41","67","572","10","2012-10-29 07:48:34","Hold so popular for father family her marriage.","3"
"42","50","963","33","2005-11-07 21:18:40","Full idea response threat.","4"
"43","12","1967","95","1983-01-24 07:28:20","Well prepare view mouth change.","5"
"44","43","893","9","1978-02-24 22:27:40","Else church board pass officer from discuss big.","3"
"45","1","833","48","2022-05-09 03:27:21","Fish hospital high single prevent.","1"
"46","11","936","82","1971-03-07 19:38:01","Eight attorney attention remain.","1"
"47","40","188","91","1995-01-11 02:48:03","Phone we indicate develop.","4"
"48","94","1470","78","2014-10-06 06:29:21","Successful federal summer take.","3"
"49","97","201","1","1979-05-08 14:16:57","Oil head point natural.","2"
"50","72","1902","9","1985-04-04 14:12:02","Red trouble travel Democrat.","3"
"51","66","143","55","2005-01-20 01:26:36","Card carry girl use.","5"
"52","24","1833","60","1986-11-04 08:59:42","Station peace goal than.","3"
"53","22","1662","80","1976-02-29 20:07:07","Choose move use consumer similar dark claim.","5"
"54","48","563","82","2003-05-03 03:16:15","Four wait heart generation.","1"
"55","58","1492","43","2005-10-04 19:31:33","Whose career than hand level type nice subject.","1"
"56","28","1534","51","1986-03-13 13:31:08","Research sign task maintain how.","4"
"57","41","1787","38","1998-11-06 14:06:21","Add nor scientist former point support.","1"
"58","99","1355","31","1986-06-03 21:44:19","Since process above performance shoulder.","2"
"59","45","666","13","1994-10-25 00:38:40","Somebody training cell situation religious eat.","2"
"60","78","454","5","1996-11-22 04:46:04","Improve case item gas eight professor stage tree.","2"
"61","77","1777","84","1992-01-10 11:24:36","Agency tell hard store series.","5"
"62","90","582","91","2004-09-16 18:00:16","Approach environment nature.","2"
"63","93","360","88","1988-07-04 06:30:39","Item throw we chance billion should.","3"
"64","14","1433","93","1986-02-26 19:24:31","Rest ever argue them yourself fast court seat.","1"
"65","24","1745","19","1980-01-27 23:32:57","Girl property month lot.","1"
"66","55","1258","84","1998-11-30 06:23:50","Machine early performance happy relationship.","3"
"67","68","1543","61","2021-02-07 22:05:39","Out begin consumer with maintain sign.","3"
"68","81","1186","92","2006-11-07 14:20:10","Hand job majority bad be over.","2"
"69","51","1480","17","2010-02-13 22:28:07","Buy discussion music.","5"
"70","78","1876","71","1977-08-05 03:43:31","Evening series right interview.","1"
"71","73","420","83","2020-10-21 16:47:12","Control security represent official down because.","4"
"72","35","752","55","2013-06-20 18:16:32","Quite once many look necessary teacher degree.","5"
"73","38","1250","87","2008-11-12 02:59:00","Happen generation might ten unit.","1"
"74","93","639","35","2014-01-06 12:39:51","Send budget nearly most war both edge whatever.","1"
"75","1","1121","98","1988-07-30 21:47:10","House entire ahead seat sign voice least.","2"
"76","20","932","96","2019-02-23 07:39:44","Every nearly avoid.","3"
"77","59","1203","44","2022-05-22 20:52:30","Work marriage five her.","4"
"78","98","288","86","2020-08-11 12:25:49","Already model food drug Mr prove seek.","5"
"79","17","1269","7","1983-05-20 11:45:38","Really data too mission nature.","4"
"80","80","1811","51","1974-01-15 23:55:43","Government style it son very eat.","1"
"81","89","1399","61","1973-09-29 04:57:46","Over word force.","3"
"82","48","1166","74","2012-11-26 22:31:25","Heart sort prove sister couple need.","4"
"83","1","1201","41","2000-05-08 03:18:08","Focus sound charge full teacher increase agent.","1"
"84","72","1848","82","2007-05-01 04:24:29","Participant say lawyer wish.","3"
"85","22","1117","26","2015-03-15 06:12:56","This real month.","5"
"86","46","629","54","1999-04-06 19:16:40","Eat learn human car fly national.","1"
"87","37","681","55","1976-04-24 05:33:05","Only consider send.","5"
"88","72","561","71","1973-09-25 07:35:56","Term him success most forward.","3"
"89","70","639","70","2013-12-25 23:55:53","Western share site population.","1"
"90","3","115","44","2005-02-27 16:21:18","Establish against finish man enough rich.","3"
"91","24","776","76","2010-01-07 00:33:03","None phone no concern me avoid citizen.","5"
"92","98","1863","32","1984-10-20 03:03:08","Physical explain fine power magazine friend agree.","5"
"93","66","398","26","2010-12-28 11:44:38","Pm anyone account hand whether economic.","1"
"94","74","693","26","2021-12-23 22:14:06","Professor enter teach apply book they law spring.","1"
"95","5","891","4","1997-02-24 14:38:48","Huge travel family break total make.","2"
"96","21","1971","51","2020-07-08 22:29:33","Exist lose trouble.","1"
"97","10","1569","36","1988-05-29 21:04:10","Build without herself.","2"
"98","94","1184","43","2008-11-24 22:33:05","Go scientist open successful.","1"
"99","41","360","42","2001-09-27 13:02:23","Wife make control mission success wrong.","3"
"100","40","974","25","1987-11-28 22:12:32","Apply she most.","1"
"101","69","334","54","1987-07-14 11:02:27","Piece success bank eye letter may.","3"
"102","72","1262","61","2009-04-22 14:31:50","Or PM democratic then among easy center development.","4"
"103","20","905","13","1974-02-22 15:55:19","Ball test candidate instead tree recent.","5"
"104","38","1219","67","1982-10-20 02:12:11","Business hand nation bit loss rate.","1"
"105","91","1764","30","1990-07-22 10:41:45","Reflect marriage account medical.","1"
"106","85","1800","21","2016-06-12 23:01:51","Future over floor nice.","3"
"107","43","1945","83","1984-02-07 15:10:22","Claim control party site type.","3"
"108","3","155","5","2017-10-19 17:28:33","System cultural trial.","1"
"109","70","588","93","2007-06-02 09:07:42","Skill treat yeah model.","3"
"110","44","1423","40","2010-01-04 15:50:21","Care music create.","5"
"111","58","1806","48","1992-10-22 21:22:02","Everybody draw just suffer pick food technology.","5"
"112","46","223","49","1974-02-13 13:43:58","Performance artist toward land public age professional send.","2"
"113","91","84","23","1983-08-15 20:43:14","Star school fight worry drug other without.","3"
"114","74","1646","81","2018-11-05 06:22:29","Two five Republican opportunity evidence letter or black.","4"
"115","91","1041","51","1983-11-23 07:42:54","Of himself themselves hand allow report.","3"
"116","15","1239","85","2007-05-31 15:45:57","Organization always area beyond ahead.","4"
"117","66","1860","81","1996-09-03 04:36:46","Carry she your into throw.","5"
"118","74","1502","78","1997-07-27 05:16:08","Old despite see manager my.","3"
"119","13","1123","64","2018-05-16 00:03:47","Partner lay from degree fight manager state probably.","2"
"120","51","261","98","2014-11-07 11:21:43","Difficult job those success popular hit.","2"
"121","72","1309","96","1995-03-10 22:30:42","Bill choose firm truth cover type sort.","4"
"122","2","1325","88","1981-03-30 12:10:53","Interest them together team everything run inside generation.","4"
"123","32","1502","18","2018-01-02 11:28:04","Early front draw seat.","1"
"124","37","1151","7","2020-07-22 16:02:15","Democratic tell information war out remember.","5"
"125","9","847","71","2007-08-25 07:06:30","Mother bank agent character.","1"
"126","60","617","3","1985-08-18 19:12:03","Expect course vote weight less expect fill protect.","4"
"127","54","956","71","1992-06-03 06:52:36","Whether bring couple put will firm necessary.","2"
"128","99","976","20","2014-10-24 14:03:02","Next reality stage.","1"
"129","80","995","89","1994-03-05 08:54:14","Religious stuff participant national already region.","5"
"130","11","399","45","1984-02-24 14:37:40","Develop sing themselves stay relationship several news relate.","2"
"131","35","96","71","2016-09-22 15:12:10","President exist arrive two.","3"
"132","37","1517","92","2003-05-20 22:35:11","Long best pick he line catch land.","3"
"133","12","90","26","2017-07-04 22:33:17","Take rest Mrs season.","1"
"134","61","1411","19","2004-11-16 17:14:39","Much civil pressure.","4"
"135","77","1976","90","1995-05-21 03:16:59","Choose action care effort.","1"
"136","40","558","37","1983-01-07 19:22:15","This detail give hot option key travel.","3"
"137","16","1258","68","1981-01-10 22:02:45","Pass protect save where be everybody recent general.","3"
"138","43","1184","55","2008-12-14 01:43:13","Race indeed use various investment believe suddenly.","3"
"139","22","1423","58","1985-06-06 09:00:32","Nice technology attack conference already hotel consumer.","5"
"140","63","1708","94","1978-04-03 13:18:17","Politics Congress whom guy until past deep four.","2"
"141","17","782","39","1984-03-11 10:58:18","Interesting read once mission both single say.","2"
"142","95","1409","59","1971-04-25 03:20:33","Prove reflect current mind treatment great especially.","5"
"143","2","1945","36","1984-08-07 11:29:32","Ready provide station middle number plan.","3"
"144","93","1518","84","2008-01-29 03:56:36","Three letter senior consumer ready artist art.","2"
"145","94","790","55","1984-06-25 09:03:57","Federal clearly close until.","2"
"146","92","1070","26","2017-04-17 10:32:03","Sit discussion mean range study sing gas.","4"
"147","55","1608","71","2003-10-13 03:44:54","Author nothing Mr control owner.","2"
"148","79","1021","57","2016-12-28 08:47:08","Expect professor it station.","4"
"149","24","1053","63","1997-02-19 16:49:13","Me wait early when.","1"
"150","99","459","13","1992-11-20 22:14:40","Record former little face moment so data.","1"
"151","46","1010","14","2007-07-15 18:23:19","Son boy management way others final sign movie.","2"
"152","32","1531","22","2013-11-03 17:38:07","Notice beyond letter capital.","4"
"153","66","651","18","1992-05-31 15:43:22","Between wall carry head worker hope.","5"
"154","78","63","0","1998-09-15 01:39:40","Of choice whose method week nothing only.","4"
"155","75","233","75","1994-04-01 11:17:20","International summer probably east.","1"
"156","64","776","85","1996-05-19 22:18:19","Once into find later camera yes.","4"
"157","89","1583","39","2008-10-04 20:29:58","Executive ago everything view.","4"
"158","1","615","33","1998-11-21 11:44:08","World effort admit key sing.","3"
"159","55","614","47","1976-11-23 19:50:10","Stand try thus community team.","3"
"160","98","1181","93","1993-05-25 01:36:23","Half fight test.","3"
"161","89","1306","65","2003-07-18 21:42:14","Line modern school indicate.","1"
"162","30","1536","93","1988-11-13 16:29:05","Total member follow fill into.","3"
"163","31","1551","57","2004-07-19 06:15:38","Rather present talk field.","4"
"164","91","1813","63","1984-11-01 13:47:38","Anyone operation history.","1"
"165","35","797","66","2009-07-13 02:27:42","Here program apply hold not.","3"
"166","28","1705","97","1998-11-20 00:59:54","Ago couple forward maybe wife provide.","5"
"167","33","843","20","1996-02-21 13:38:29","Responsibility television bill opportunity top color maintain.","2"
"168","76","1139","92","1989-09-25 11:26:36","Happen accept sea feeling fund quite four.","2"
"169","41","1932","77","1981-10-02 00:22:01","Thing mouth simply these pick.","5"
"170","5","705","14","2019-12-12 21:29:37","Poor beyond near ability yes responsibility.","3"
"171","13","1057","47","2019-04-04 11:42:17","Leave skin small suffer.","1"
"172","95","987","54","2021-12-29 02:44:06","Short also expect leave yourself might discover.","3"
"173","61","1041","8","1976-03-23 02:28:58","Imagine woman month fear garden.","1"
"174","48","1359","22","1975-11-25 13:37:25","Per event want natural.","5"
"175","80","1527","31","1997-05-29 01:52:00","Among account them sometimes life realize.","1"
"176","58","1868","45","2003-06-05 19:11:32","Make modern she season.","3"
"177","80","847","80","1982-04-01 13:14:38","Body argue lose lose.","1"
"178","37","1109","11","1996-12-17 00:20:24","Could either least sea technology.","5"
"179","11","841","25","2020-12-23 02:49:42","Take someone fish describe sometimes realize man dream.","5"
"180","89","340","51","1988-05-04 20:43:06","Student church near push.","4"
"181","29","352","72","2009-06-04 05:58:49","Truth serve evidence girl table organization democratic late.","5"
"182","16","1130","31","2001-05-04 06:39:04","Ready house company list player popular.","1"
"183","70","1888","23","2016-04-28 08:41:00","Speech language position simple treatment.","3"
"184","47","1490","12","2010-09-23 03:17:00","Prove herself action.","1"
"185","3","1292","15","1980-12-19 12:58:22","To social town order.","4"
"186","17","1921","46","1997-02-28 10:43:35","Attack season ten.","4"
"187","75","1285","5","1999-09-15 22:53:43","Go you name.","3"
"188","1","853","44","1999-02-24 05:32:15","Face two total see century sit much.","3"
"189","50","1336","17","1980-08-29 03:55:16","Actually ball off like determine artist.","2"
"190","12","1343","87","2022-03-29 15:37:01","Agency create her then.","5"
"191","31","1396","22","1989-01-11 07:21:04","Military mother drug attorney project Republican executive.","1"
"192","99","1424","19","2006-11-29 02:21:46","Whom daughter second decade record campaign her.","1"
"193","63","1109","45","2022-03-05 22:11:46","Class activity fire remember response religious lose.","4"
"194","43","69","21","1996-08-12 03:52:10","Writer top itself me.","1"
"195","81","130","91","1988-12-21 14:16:37","Half police sell certainly theory.","5"
"196","62","1508","69","1974-11-07 03:11:08","Bring leader garden total hundred remain.","3"
"197","20","1710","83","1995-09-15 13:12:34","Quickly drive however television pay government future.","3"
"198","28","495","99","1998-09-04 21:50:39","Sister speak range dinner message.","5"
"199","79","397","5","1998-11-23 18:11:53","My others majority my perform.","4"
"200","54","1579","66","2001-07-08 04:01:49","State doctor current common total foreign decade.","3"
"201","84","161","62","2013-08-07 01:55:32","Kind case trouble I.","2"
"202","24","1962","94","1984-11-05 13:27:21","Former network senior list rather defense.","5"
"203","80","1014","26","1997-02-13 08:32:27","Herself morning something hand involve agent former.","1"
"204","90","648","25","1985-05-28 23:55:15","Pick past thank four most me bar senior.","2"
"205","99","243","97","1990-11-06 02:37:13","Network management choose lose suggest staff whether little.","4"
"206","28","1180","49","1987-06-01 03:42:53","Understand ten section with bring.","4"
"207","92","1628","10","2022-09-19 03:57:36","Agent language easy practice decide risk boy.","1"
"208","46","974","98","2009-09-21 22:18:53","Others peace from article.","2"
"209","44","1882","88","2012-07-23 15:36:01","Young land grow remember.","3"
"210","10","1205","24","2003-11-03 03:41:39","Like town around country pattern and.","4"
"211","65","187","92","2003-04-29 19:10:04","Public degree attorney ten strong.","1"
"212","84","188","21","1991-10-15 02:39:10","Effect wonder cultural school.","4"
"213","99","160","12","2004-06-11 20:43:54","System drug draw plan personal threat.","3"
"214","7","1677","95","2005-06-14 00:45:01","Property reveal star near world according practice.","4"
"215","52","577","59","2021-08-05 00:22:33","Bring dream trial age movement push movie which.","3"
"216","91","1064","61","2011-09-20 01:19:52","Eye describe I avoid meeting heart.","5"
"217","47","263","33","1981-05-05 00:40:08","Crime cup debate race finish.","4"
"218","25","473","24","1978-08-09 10:40:03","Recently consumer exactly affect news.","2"
"219","92","743","65","1991-05-27 19:34:02","Thank coach federal catch ago activity happy.","3"
"220","94","1624","30","1996-04-04 12:29:35","Career good interesting break.","3"
"221","24","143","45","1986-04-17 15:08:42","Hospital best identify final up experience.","5"
"222","70","477","84","2020-04-01 22:01:51","Then collection old establish.","3"
"223","47","699","20","1971-08-26 12:29:43","Leader sell by.","4"
"224","55","701","57","1997-02-06 15:56:52","Ask water heavy among.","1"
"225","8","125","47","2009-01-09 05:47:30","Response laugh world.","1"
"226","49","1103","72","1996-07-28 20:38:00","Stop wide effect huge really full.","2"
"227","91","1068","80","1997-11-11 12:56:44","Contain until area policy.","1"
"228","47","395","84","1985-08-20 05:41:57","Keep enjoy forget player board real.","3"
"229","11","763","1","1996-09-09 05:02:22","Focus face chair doctor certain.","2"
"230","96","1167","41","1984-07-03 14:58:22","Big quite plan article use.","1"
"231","2","54","36","1971-11-13 00:12:55","Book American organization arrive.","5"
"232","38","582","4","2014-07-04 05:17:08","Answer crime seven most politics.","3"
"233","92","223","84","2010-04-11 00:07:48","Southern choose west doctor war us.","4"
"234","86","653","80","2022-03-10 08:50:04","Miss find kid lot Mr film.","3"
"235","50","421","40","1986-12-15 09:01:58","Employee author laugh.","5"
"236","78","1291","6","1989-07-10 05:08:46","Along recently over direction ability trade itself soon.","2"
"237","51","985","13","1985-12-04 04:24:26","Activity contain investment character nothing bed who.","1"
"238","66","900","2","2022-07-29 18:46:37","Skill management grow difficult.","4"
"239","97","1513","49","1979-07-06 11:23:40","Job wonder free.","5"
"240","53","948","20","2017-08-09 18:08:56","Short according response reason form support enjoy.","4"
"241","47","1186","33","2013-01-18 12:10:53","Development treat water arrive establish manager two.","5"
"242","62","146","96","2002-03-11 18:40:59","Dinner would environmental act of describe sing.","3"
"243","77","1222","26","1982-04-30 19:44:19","Adult painting child until friend almost.","2"
"244","94","1021","75","2013-05-07 18:57:46","Determine total sound after movie.","1"
"245","87","1858","48","2008-11-17 07:29:20","Around task part.","1"
"246","15","340","50","1998-06-01 22:44:53","Popular third policy animal number.","4"
"247","50","1048","44","2019-11-10 01:42:10","Suddenly since spring leader religious head.","2"
"248","33","399","82","1997-04-29 19:07:15","Their instead not yeah wall.","2"
"249","95","639","45","1999-07-19 19:33:07","Itself factor mention those policy.","4"
"250","73","563","80","2006-04-01 08:23:41","Believe activity example heavy member assume.","1"
"251","19","916","11","2021-07-20 08:40:54","Role raise eat some response fly sign.","3"
"252","1","1459","14","2009-06-10 02:08:33","Rate decide statement certainly.","3"
"253","53","1278","88","2010-01-31 04:57:36","Try indeed listen short current picture act case.","2"
"254","61","529","78","2017-09-07 20:02:18","Cut degree stage.","1"
"255","90","1119","73","1985-06-08 04:51:11","Available data decision exactly generation.","3"
"256","10","19","67","1976-03-23 13:13:33","Live choice action side per use party.","5"
"257","61","398","29","1991-06-24 18:35:42","Remain simply cold early claim player growth.","1"
"258","19","35","81","2008-08-25 18:22:00","Arrive here certain.","2"
"259","67","397","27","1973-03-15 05:52:41","Painting any phone teach nation.","3"
"260","6","1863","70","2011-05-19 11:00:28","Nature education claim time behavior not simple.","4"
"261","8","104","23","1971-04-16 05:20:52","American future right defense onto.","2"
"262","11","1785","69","1975-10-18 07:47:34","Than partner bank short.","1"
"263","58","1752","86","2000-09-28 00:32:44","My teach economic chair really.","4"
"264","8","1690","74","1982-07-29 18:29:34","Performance even rest season speak born nation.","5"
"265","25","34","56","2018-02-02 15:09:30","Mother town key media.","3"
"266","62","1422","11","2002-09-15 09:42:51","Article fine language wife century.","2"
"267","8","285","38","2021-01-28 18:21:56","Wonder what left environmental reason short less society.","4"
"268","58","487","73","1998-04-14 04:03:45","Attention word ago leg great industry pick.","4"
"269","24","479","47","1994-03-05 16:58:49","Gun allow guess water group nearly.","5"
"270","51","84","7","2015-12-05 05:07:14","Ball study here him our pattern which.","2"
"271","31","1478","39","1994-10-23 19:30:52","Enter management magazine control.","4"
"272","26","1956","75","1989-03-05 03:58:37","Behind wall even recent indeed you record thank.","5"
"273","12","1226","51","2010-09-10 10:06:50","Yard authority agency my.","5"
"274","15","1593","78","2019-07-27 17:58:39","Start term nor result production politics.","2"
"275","55","1253","51","1999-11-03 15:12:57","Lead American hit toward people Republican.","2"
"276","63","875","5","1978-04-09 01:27:52","Skin here guy can.","2"
"277","79","155","52","2001-07-14 16:03:33","Much somebody number hour skin actually ahead.","3"
"278","62","648","77","1992-11-02 17:07:32","Ok attention keep opportunity ago eye property.","4"
"279","96","1679","45","2014-10-03 03:37:32","Serve carry fish tax option.","2"
"280","67","1947","62","1981-04-25 13:29:23","Upon theory wonder identify performance let brother.","2"
"281","11","699","45","1975-07-27 17:18:01","Seat let especially.","2"
"282","80","1877","33","2010-12-10 09:57:20","Mean list last face mention expert sometimes act.","2"
"283","8","380","84","1974-05-21 15:23:30","South plant or sort prove per service old.","2"
"284","18","812","18","1988-12-15 06:04:05","Reality fight forget person everything.","3"
"285","50","430","24","1999-06-29 14:18:37","For popular represent traditional make easy yard.","5"
"286","25","397","11","1976-09-08 22:35:30","Successful organization beat clear where final may.","3"
"287","26","259","43","2020-09-12 23:47:22","Level scientist begin however although long long fill.","2"
"288","65","408","44","2016-04-09 11:09:03","Senior attack class class treatment.","5"
"289","80","654","39","2001-08-21 04:22:43","Focus head special process.","5"
"290","16","910","4","2013-05-15 03:44:55","Specific carry place these improve want popular.","1"
"291","62","400","41","1989-03-12 07:16:59","Style anyone either week reach.","5"
"292","52","1900","98","1971-05-27 22:19:18","According tree mother very when world.","4"
"293","65","1419","23","2009-04-16 03:15:39","Today free see pick rule education.","2"
"294","48","1714","42","2016-01-24 07:08:06","Interest simple worry can analysis our during individual.","3"
"295","82","1108","39","1997-12-28 15:41:01","Camera drop particular compare party effort.","3"
"296","43","699","17","1975-04-07 22:39:05","Far themselves final director.","2"
"297","45","1921","73","2011-12-10 18:17:02","Foreign fight over what easy say form.","5"
"298","17","11","27","2017-11-12 19:17:09","Some significant may claim.","3"
"299","46","617","34","2002-02-21 12:44:59","Today attention off onto huge gas.","4"
"300","27","519","78","1984-12-04 20:29:36","Address list our.","3"
"301","86","1621","42","2009-05-16 20:13:47","Small rock court trade it on nor.","1"
"302","22","1715","44","2006-11-01 10:14:05","Science degree interview possible mother view.","3"
"303","64","1537","22","1986-03-29 09:02:58","Task pressure exactly risk yeah something.","1"
"304","50","1588","38","1995-03-22 18:43:20","Build million fill individual hospital middle wonder price.","4"
"305","91","395","54","2019-08-02 04:57:50","Yes top challenge feel if later fire.","3"
"306","22","1059","45","1970-02-07 08:29:06","Require theory quite miss often score.","5"
"307","90","1990","99","2002-08-19 21:46:24","Through building Congress fund affect report test.","2"
"308","71","288","5","1988-12-09 13:20:33","Protect safe current build man home child.","5"
"309","89","1436","94","1998-05-08 04:42:40","Among history north student cut.","5"
"310","68","660","95","2008-05-19 11:12:12","Close lead may friend strong up need.","3"
"311","43","1279","52","1977-11-19 18:27:30","Name during somebody page official.","3"
"312","24","1114","32","2013-06-23 13:15:34","Avoid sit age realize research movement.","2"
"313","8","807","1","2010-07-07 01:06:54","Least order miss why say outside.","2"
"314","96","1515","15","1981-12-28 02:17:47","Young structure though foreign.","1"
"315","22","694","65","1992-07-18 09:03:20","Hospital remember wear factor team program.","5"
"316","75","723","69","2005-05-09 20:54:02","Member course thing technology me case.","4"
"317","44","392","93","1980-02-20 03:37:15","Civil control type land outside whatever despite.","2"
"318","58","558","19","1985-06-28 05:48:46","Ok employee mother.","3"
"319","13","1608","94","2008-07-08 10:55:34","Fast man during none cause answer it popular.","1"
"320","91","1205","72","1997-09-30 09:33:08","Plant put care green.","3"
"321","51","383","95","1998-08-08 05:18:26","Husband high summer environmental finally.","2"
"322","78","1139","33","1978-04-03 21:08:06","Her represent rate.","5"
"323","81","183","32","2012-03-19 03:12:45","Arrive may spring friend air situation treatment.","3"
"324","3","1434","0","1982-02-23 11:09:47","Again hold body power mind either.","4"
"325","52","1795","51","2012-11-28 21:24:32","Practice media design too teach coach ago.","2"
"326","87","1283","58","1979-03-18 00:53:08","Mr type this fund shoulder both after.","3"
"327","95","895","19","1988-07-11 04:31:54","There off wear though work strategy carry charge.","1"
"328","12","1785","26","1989-05-13 17:00:47","Shake activity believe because wear prevent cold staff.","3"
"329","32","411","3","1981-09-12 02:25:25","Sort such dream create offer wonder.","1"
"330","49","1635","39","2016-11-22 05:15:32","Away record read one into.","5"
"331","76","285","23","1992-03-20 07:42:05","Because can finish probably their effort.","5"
"332","52","1195","63","1998-12-23 08:27:09","Safe money into single pressure spring traditional.","2"
"333","54","1613","95","1996-12-06 09:40:28","Mean right manage.","1"
"334","14","1113","43","2009-11-20 16:35:41","Election first with lose high.","1"
"335","4","1716","4","1979-08-02 09:17:48","Government break medical old.","3"
"336","67","1354","43","2006-11-28 06:56:35","Book difference bed card yeah something expect.","5"
"337","24","723","87","2005-08-25 01:49:02","Answer phone continue there example everybody.","2"
"338","78","806","17","1987-11-08 00:00:12","Somebody arm free heavy century ground certain.","5"
"339","99","523","65","2002-02-10 19:19:33","Myself can few member.","1"
"340","13","1288","29","1987-11-25 07:40:55","Tell appear contain.","1"
"341","55","36","28","2002-11-25 01:57:59","Court activity north organization on morning spend individual.","2"
"342","81","657","31","2001-11-05 07:38:37","Treat and civil voice treat ask.","2"
"343","28","648","11","2010-02-18 09:47:12","Picture two resource some again box other return.","3"
"344","20","679","65","2015-12-04 02:12:12","System technology point provide walk mind culture.","3"
"345","60","84","79","1983-08-31 01:45:07","Nice behind item since newspaper include Mrs reveal.","4"
"346","29","1527","11","1993-05-21 15:27:26","Surface doctor firm church pay crime majority.","2"
"347","30","407","93","2000-03-16 22:59:12","Ever this agent account stage.","4"
"348","35","415","24","2001-04-03 17:41:51","Beyond someone leg feeling.","3"
"349","82","1997","20","1987-05-17 12:10:36","Wrong usually begin Democrat.","1"
"350","74","1994","6","1981-05-29 03:09:03","Owner next make.","3"
"351","12","931","22","1984-09-21 21:49:19","Everybody rate family democratic rule southern relate.","4"
"352","37","648","99","2007-01-11 23:36:06","Career find page.","4"
"353","66","1323","19","1990-12-10 01:42:55","Stop ok history method.","5"
"354","24","250","54","1971-10-08 02:24:36","Speech none remember worry capital.","1"
"355","14","1379","92","1982-02-12 17:28:19","Few behind prove daughter rather model receive.","5"
"356","6","1956","26","2007-07-16 19:17:04","Prepare stand director outside food campaign individual number.","2"
"357","72","1316","66","2005-07-17 17:18:02","Past exactly near would total home worker.","1"
"358","85","1313","35","2015-05-30 16:25:00","Prepare home ahead perform think event fall.","3"
"359","33","689","1","1992-02-29 11:36:14","Message city truth son white account crime.","3"
"360","30","572","22","1991-11-05 16:41:03","Behavior prove such fact result health shoulder.","2"
"361","0","1186","2","2010-04-23 03:37:43","Piece small feeling perform hear Congress hear.","5"
"362","53","1901","48","1990-10-28 22:35:35","City today similar much speech.","2"
"363","82","175","78","1976-04-30 23:30:36","They long law trip Mr information carry.","2"
"364","24","1793","57","1986-12-21 13:43:31","Then receive want yet yeah report.","1"
"365","26","978","55","2016-05-20 16:53:15","Show process despite nothing maintain.","1"
"366","9","1157","18","1983-11-29 22:22:27","Citizen age hot space heart talk.","3"
"367","72","845","73","2016-03-12 09:24:49","Our loss Mrs reflect.","2"
"368","77","1731","82","2020-01-09 13:18:17","Series meeting special rich room position think.","3"
"369","73","1563","7","2010-09-20 17:00:45","Television have whose.","4"
"370","58","1322","49","1970-12-28 14:06:15","Eye inside total new.","4"
"371","72","196","45","2010-06-30 09:53:14","Blue toward her federal how will else.","1"
"372","42","995","25","1980-03-20 07:29:24","Above fall girl true defense.","4"
"373","54","563","89","2013-11-04 03:09:19","Yes investment world.","4"
"374","62","1311","65","1973-11-08 13:06:45","Draw control five.","4"
"375","69","467","69","1993-12-22 04:44:37","Force morning wish some suggest less.","5"
"376","7","1745","10","1972-03-18 23:56:20","Move air student federal yard.","4"
"377","53","1892","23","2018-05-20 08:40:49","Computer how issue before model play young.","2"
"378","97","916","85","2017-01-18 08:41:21","Likely beat lay deal.","2"
"379","72","338","5","1998-04-18 00:20:42","About we natural.","3"
"380","72","427","31","2022-02-02 18:10:03","Author much attorney positive begin.","1"
"381","94","297","96","1993-11-19 02:55:23","Full always decade tell.","5"
"382","33","495","54","1977-06-09 21:10:47","Sell whole stock security follow attorney.","1"
"383","97","845","82","1984-01-18 19:31:11","Wide life factor break store summer their.","1"
"384","35","1499","31","2022-01-21 05:40:42","Support commercial appear take enter thousand.","2"
"385","78","1844","39","1975-11-12 07:24:34","Hotel game act opportunity create forget.","2"
"386","14","275","44","1997-04-11 22:38:45","Treat board could assume attention.","3"
"387","25","1037","3","2009-01-29 22:01:05","Success remember above surface today.","1"
"388","74","54","12","1972-03-22 08:05:43","Read ground those many start class too.","5"
"389","7","1543","34","1979-10-21 22:32:45","Take rather understand light cause.","5"
"390","15","1331","20","2020-04-03 23:29:45","Figure than professor sport today turn.","2"
"391","1","648","40","1972-11-21 23:53:26","Not road discuss drop light likely keep.","4"
"392","15","288","63","2011-12-16 01:18:35","Bad human usually answer season tax.","4"
"393","11","607","91","1981-02-17 17:12:51","Behavior appear center school thus.","3"
"394","57","931","98","2019-01-16 13:40:23","Perform job little particular individual.","5"
"395","29","192","98","1975-01-09 06:55:14","Carry dinner instead yes forward again.","1"
"396","38","1021","0","1998-04-29 01:22:57","Yard perform number free building.","2"
"397","88","1572","30","2003-05-26 07:02:17","Bank mean message across partner interesting.","3"
"398","65","1582","34","2018-05-28 00:49:58","Computer when above stuff light democratic perform.","2"
"399","52","1962","99","1982-09-05 15:11:50","Open walk garden room.","2"
"400","21","1892","75","2012-12-14 01:32:52","We computer way.","3"
"401","6","1536","53","1974-03-09 02:16:27","War rich might point.","5"
"402","14","419","67","2004-03-27 00:34:47","Have camera forward picture across chance soon.","3"
"403","42","418","91","2001-02-08 17:51:24","Total truth claim day.","5"
"404","25","1147","26","2004-11-13 01:43:52","Wall agency speak sea shoulder near.","5"
"405","44","1044","91","2015-03-13 05:17:13","Although specific image eat art lead within research.","1"
"406","68","415","51","1990-11-21 22:33:17","Future federal future sit increase continue area.","1"
"407","11","303","10","1982-12-20 23:23:56","Stock gas local it.","4"
"408","48","1868","96","2003-02-07 23:32:14","Guess cup authority white huge.","1"
"409","0","85","9","1998-12-13 03:16:43","Claim plant agreement.","1"
"410","90","1001","32","2001-04-09 07:09:36","Through great fish school it alone hour cultural.","4"
"411","26","1651","92","1994-09-22 03:21:52","Already sure will today.","4"
"412","61","1962","49","1997-09-22 16:23:17","Year apply hand teacher contain why measure.","1"
"413","16","374","12","1986-07-14 20:01:42","Writer provide candidate oil care find.","4"
"414","9","262","63","1973-06-19 22:05:43","Eye so approach mission recent decide southern.","1"
"415","60","660","6","2016-06-17 08:13:49","Such foreign bring so which beat cost.","3"
"416","14","729","82","2001-04-14 10:44:05","People detail spend during.","4"
"417","15","1646","69","2020-07-23 06:11:03","Last product could series.","3"
"418","87","270","81","1997-07-24 19:58:47","Save meet east message.","2"
"419","32","687","98","1984-04-01 02:25:28","Actually project them hot.","5"
"420","5","1726","18","1992-10-15 05:00:06","Water their security character continue during technology site.","5"
"421","31","72","14","1981-03-15 17:29:33","First charge case stop story hour.","2"
"422","49","1705","58","1999-05-19 21:06:58","Get study call.","1"
"423","59","836","1","1984-04-09 04:39:31","Who skill kid amount nature language amount sometimes.","5"
"424","57","1779","53","2018-10-02 13:24:12","Building leave happen image our will federal act.","5"
"425","45","342","62","1971-12-03 21:30:32","Country dark employee government top investment record.","4"
"426","81","537","10","1994-09-01 22:35:08","Article every a right high people across particular.","3"
"427","12","763","26","2014-11-26 08:24:04","Keep music believe learn little.","3"
"428","99","1596","39","1976-09-16 19:38:11","Appear order pattern city election turn film.","5"
"429","18","1566","4","1995-05-17 21:55:07","Own treat well sign special type.","1"
"430","16","1952","36","2016-09-25 20:05:23","Professor relationship us tax indicate floor product.","2"
"431","62","301","0","1971-05-07 22:04:40","Paper this campaign everybody leader three firm.","5"
"432","53","502","32","2008-10-13 22:41:39","Free so ahead little onto plant art.","2"
"433","93","1160","29","1974-10-17 23:05:26","Go soon ability practice prepare yet.","1"
"434","2","1433","94","1995-09-09 14:47:23","Administration oil performance cut third since both.","2"
"435","33","1099","84","1991-04-05 12:13:49","Political cost name reason day.","1"
"436","60","45","90","1970-12-23 13:31:46","Director decision Republican put measure.","4"
"437","1","769","4","2021-02-01 22:18:44","Outside want bit effort what half administration past.","5"
"438","11","1524","33","1985-11-06 19:44:21","Model short more police much put describe.","4"
"439","77","108","69","2016-01-24 12:46:34","Get will author agree story fear.","5"
"440","79","1269","86","2021-06-05 22:25:25","Daughter avoid situation.","2"
"441","57","1994","98","2015-05-27 20:53:34","Modern site though good.","5"
"442","34","266","91","1992-10-03 23:48:41","Remember develop stuff wife entire.","1"
"443","68","1080","49","2017-03-18 15:56:10","Hold firm east letter hundred edge.","5"
"444","57","31","74","2000-01-10 13:35:09","Through their require special better.","1"
"445","3","487","71","2011-05-31 18:44:38","Candidate front plant happen decide situation bill.","3"
"446","21","853","16","1979-01-27 14:48:58","Every such drop race size.","2"
"447","47","679","77","1977-10-22 13:47:50","Personal increase wife similar attorney.","3"
"448","76","117","53","1996-02-26 08:53:52","Enter defense strong say consumer single enter.","1"
"449","2","1805","19","2014-10-31 00:10:11","Member majority itself company.","4"
"450","31","1833","51","2008-03-07 14:32:06","Conference part mean dream food foreign authority.","1"
"451","97","229","84","2003-10-30 18:23:59","Partner environment few foreign.","5"
"452","97","1744","43","2005-06-07 15:14:15","Serve general work ever forget major prepare.","4"
"453","25","453","98","1994-03-25 08:45:32","Bit federal cost from national research.","5"
"454","64","1919","22","2008-11-02 10:55:21","Record history movie window.","5"
"455","53","707","48","1986-10-07 07:21:38","Probably two method must.","1"
"456","70","1624","50","1973-11-02 19:33:37","And city cost mean cost than.","3"
"457","37","171","37","1988-01-20 19:58:06","War of strategy over middle decade.","4"
"458","38","418","92","1984-02-23 15:35:05","Message student program care our.","2"
"459","61","462","19","2015-06-04 14:01:23","Billion local concern hair security together.","3"
"460","80","1593","89","1970-07-09 17:31:28","Learn big reality day better financial specific.","4"
"461","50","981","5","1999-04-23 06:02:25","So plant only system six can serve.","4"
"462","63","1483","2","1973-03-17 21:44:54","Political sea stay mind.","5"
"463","80","1716","64","2005-09-06 03:16:51","Risk want year building.","4"
"464","95","846","85","1975-09-01 07:13:36","Role professor trip public soldier TV nature him.","1"
"465","83","29","44","1981-01-29 00:30:48","Service dog remember decision energy I unit.","1"
"466","30","1121","29","2014-11-21 07:41:49","I bag nice too international.","4"
"467","27","1744","88","2018-07-16 03:32:29","Idea your certainly structure technology daughter.","1"
"468","16","352","81","1978-01-30 04:13:42","Lay back food from bad nature.","3"
"469","2","1539","97","2018-09-22 08:19:54","Move writer reason cut possible century finally.","2"
"470","37","990","90","2010-10-31 13:33:29","Difference interest PM next smile laugh.","4"
"471","62","1068","90","2006-01-26 07:36:12","Resource hair beyond.","5"
"472","68","1983","78","1974-02-27 20:22:48","Various under look service.","4"
"473","55","1857","65","2004-04-21 18:49:01","Step want citizen reveal method federal.","1"
"474","33","1481","31","2005-05-19 18:42:46","Member choice enter political should indicate win.","3"
"475","76","507","86","2013-02-17 13:58:00","Kind seem reflect anyone after.","5"
"476","36","1507","69","1973-07-09 01:34:32","Group grow nothing attack must per.","3"
"477","10","563","66","1987-04-23 19:40:48","Cost anyone new old bar trial such.","3"
"478","73","1203","45","1989-12-18 00:05:09","Protect physical standard join board work level.","5"
"479","21","1642","7","2003-11-04 11:34:18","Rather require movement should sign.","2"
"480","49","948","92","2006-11-05 13:36:08","Item bank really government try eight science keep.","4"
"481","30","1195","92","2007-10-23 03:17:21","Glass agreement practice.","1"
"482","6","679","36","2022-07-11 01:45:18","Because animal away keep form.","4"
"483","17","574","69","2017-02-28 20:37:07","Start teacher or old.","4"
"484","86","1814","73","2012-07-07 22:20:25","Upon support wish she a.","5"
"485","59","968","56","1980-02-20 20:52:40","Attention official eye get.","4"
"486","38","105","32","1996-10-01 17:07:42","Involve figure strategy account upon cell four.","2"
"487","99","639","90","2020-11-08 18:18:34","Manage miss ten magazine.","1"
"488","35","1703","84","1983-11-02 12:10:54","Serve talk their win.","2"
"489","36","154","27","1970-07-18 01:26:31","Contain man site factor above collection charge official.","5"
"490","88","411","79","2004-10-04 17:41:39","Address reach free perhaps.","4"
"491","72","653","67","1972-10-04 02:50:41","System pay west peace case something home.","1"
"492","73","1342","92","2022-09-16 09:11:08","Tree account admit.","5"
"493","29","913","42","2019-11-20 20:01:12","Church dinner worker even.","3"
"494","17","639","51","1990-03-22 02:16:38","Bit turn fight model.","3"
"495","63","1263","94","1976-04-29 10:51:12","Before close environment admit building meeting.","2"
"496","93","1277","20","2011-08-29 15:15:44","Like over learn use.","5"
"497","13","189","34","1973-05-08 19:29:49","Team have theory would.","5"
"498","42","14","9","2012-05-10 14:50:11","Across magazine throw pull everything interview.","2"
"499","90","1231","90","1994-08-27 20:26:50","Suggest small suffer early technology yes analysis music.","3"
"500","23","629","86","1999-10-23 13:16:26","Institution eat however outside site bad.","4"
"501","90","459","41","2003-05-05 08:37:56","Floor ability stuff order during effect red.","5"
"502","55","5","74","2014-03-05 01:35:18","Out understand design now million.","5"
"503","98","3","87","2011-06-28 10:41:55","Price heart night career space result.","3"
"504","76","1835","90","2006-07-01 20:30:17","Would oil interest sea.","1"
"505","7","1823","30","2014-08-04 01:10:01","Yard teach radio good debate.","2"
"506","29","459","29","1970-09-27 22:29:47","He area star mean.","3"
"507","84","522","65","1978-05-23 22:46:58","Wrong no foreign area feel to toward.","1"
"508","52","1858","36","1983-03-19 19:53:54","Herself leg fill TV really not.","3"
"509","71","519","85","1982-03-16 00:55:16","Situation cup campaign respond.","2"
"510","39","226","10","1985-06-15 20:28:31","Education officer idea allow career foot.","3"
"511","79","853","58","1984-01-02 05:41:04","True know several represent support rich head city.","4"
"512","84","1411","56","2006-05-08 18:44:49","I truth positive address including natural.","4"
"513","66","1316","11","1986-08-16 15:09:57","Easy check choose oil budget deep.","5"
"514","70","1540","3","1990-10-12 14:17:18","Safe ahead more view upon her move.","3"
"515","56","1323","96","2019-02-11 23:25:48","Walk foreign every amount thus born.","5"
"516","6","809","27","1970-07-28 18:21:01","Dog later generation important father.","3"
"517","65","1262","13","1980-08-05 05:44:51","Special able sea reveal develop ahead.","3"
"518","96","1636","18","1982-12-13 05:38:38","Compare create option health.","4"
"519","73","454","90","1972-09-08 07:00:02","Black ten forget.","4"
"520","12","1472","28","1989-12-01 20:42:56","Sing or national to environment large.","4"
"521","12","1424","96","2002-07-02 13:07:53","Clear here much save matter forward.","5"
"522","28","1612","93","1997-03-15 06:43:31","Energy gun join international.","5"
"523","49","732","41","1973-07-04 03:08:48","Agreement rate result appear memory beautiful listen.","5"
"524","67","332","1","2021-03-28 00:08:18","Spring will gun audience college employee.","5"
"525","99","619","48","2002-08-03 15:28:10","Never wide prepare own too final.","3"
"526","57","653","25","2012-05-10 08:02:53","Himself at anyone appear a buy nation.","2"
"527","2","1664","12","2020-06-07 15:57:45","Future include president big.","1"
"528","50","1639","25","1993-01-02 09:51:19","Avoid peace central prepare.","4"
"529","39","143","51","1996-08-12 14:14:36","Popular little time TV cover public speak.","5"
"530","23","1989","87","2018-10-22 11:18:48","American finish serious prepare player day size.","5"
"531","19","757","88","2009-01-25 14:04:45","Thus future for west goal.","5"
"532","50","1829","64","1989-01-27 23:53:10","Federal better interesting card black stage key lead.","2"
"533","87","405","49","1972-11-16 02:25:53","Tv community business red stop police usually.","2"
"534","5","479","85","2007-04-13 00:49:28","Add child feeling while.","1"
"535","96","1768","41","2005-04-29 15:06:50","Way painting produce growth all become.","3"
"536","19","1997","52","1976-04-01 15:36:30","Nearly field investment week shoulder him.","1"
"537","34","629","29","2019-05-12 10:13:50","Listen attention appear why phone recognize source.","3"
"538","28","1819","52","1979-07-11 06:13:19","History interest several daughter high be life design.","3"
"539","81","1613","71","1972-08-21 09:03:05","Student these require into.","4"
"540","66","1962","59","1979-08-17 14:06:13","Particularly community pretty energy capital avoid.","1"
"541","72","806","66","2005-02-25 21:08:10","Start big friend international wear hold those.","4"
"542","1","1905","56","2004-09-23 13:47:26","Field parent worry after message material raise identify.","3"
"543","5","1710","17","1975-08-25 15:37:12","Situation again student.","5"
"544","76","882","27","1979-06-07 20:59:21","Around many parent.","4"
"545","73","1666","2","1970-01-23 21:39:50","Large statement account movie key.","4"
"546","45","1313","13","2011-12-16 02:23:33","South parent role party.","2"
"547","18","683","85","2000-07-07 14:14:03","Friend safe mother stand message.","1"
"548","77","911","17","2009-01-31 18:30:29","Dark position race trial.","5"
"549","37","606","46","2009-10-19 04:55:33","Say perform style drug fight debate.","5"
"550","98","454","51","1999-07-14 06:33:38","Sea policy thought military threat own.","3"
"551","58","1809","4","1988-09-14 01:53:00","Energy real small whether small industry fire.","5"
"552","66","1702","92","1995-06-23 00:34:17","Late adult this know mouth.","5"
"553","5","1573","40","1990-08-29 03:05:11","Guy society course.","2"
"554","12","193","5","1972-03-04 11:06:32","Wife grow away team war president.","3"
"555","71","457","91","2020-01-12 14:16:02","Idea include will other success various who.","1"
"556","42","1153","62","1974-03-11 06:38:11","Weight identify eye boy his.","1"
"557","10","1647","84","1974-06-20 11:33:04","Method arrive media.","1"
"558","60","1023","19","2005-05-26 00:50:08","Account deal enjoy guy health hold.","2"
"559","60","288","63","2004-06-05 18:46:22","Long probably young particular.","1"
"560","76","1563","37","2021-06-22 20:16:16","Perform deep but appear voice positive.","2"
"561","83","1292","17","1970-11-01 18:43:44","Several cost time represent good.","1"
"562","6","208","51","2013-08-24 08:24:46","Require nature wear two investment.","2"
"563","31","1453","5","1998-05-01 22:11:33","Like think table main simple national.","5"
"564","15","1226","64","1983-07-30 01:38:01","Write upon note without.","4"
"565","55","1681","14","1978-11-25 20:35:39","Size shake find save sit real safe.","5"
"566","0","1524","50","1995-07-26 21:05:50","Help compare detail assume deal.","5"
"567","95","1534","65","2006-12-10 18:28:31","Brother off so you claim knowledge history.","2"
"568","42","1280","24","2022-05-08 01:51:07","Nothing environmental production attention American treatment.","1"
"569","36","429","34","2004-10-13 04:59:29","Study however high yeah their receive.","5"
"570","15","1541","24","1979-04-22 16:53:38","For money identify.","4"
"571","97","420","11","2011-06-16 11:54:00","Product whom stay which really remain yes.","1"
"572","22","453","62","1997-03-29 00:16:08","Officer get rise situation decision family result.","3"
"573","61","927","97","2011-01-04 10:51:50","Control occur little beautiful home.","4"
"574","32","925","51","2016-07-31 16:01:27","Lot speech section less up American.","3"
"575","96","1656","53","2015-09-02 12:26:27","Ball business drive pull learn meet over.","4"
"576","19","977","18","2021-08-25 13:42:35","Whether keep cultural.","4"
"577","33","1226","41","1970-09-19 19:05:07","Still knowledge effort yeah until.","3"
"578","82","692","8","1996-10-25 19:27:07","Site boy reach professional management herself two.","4"
"579","73","13","78","2021-02-16 06:06:33","Cost national support few trial same.","4"
"580","98","869","69","2018-09-11 11:17:04","Ten after garden.","5"
"581","5","109","95","2007-12-19 02:49:33","Ground young physical improve raise health.","5"
"582","23","520","31","1998-04-11 00:49:04","Think mouth stand hand.","3"
"583","92","281","0","2013-05-17 15:26:12","Avoid threat realize mind lose remain interesting.","5"
"584","79","14","32","1991-08-15 11:27:23","Including wide dream benefit.","1"
"585","83","304","31","1978-06-12 08:08:15","Seven explain difficult throw structure different.","4"
"586","84","432","13","1994-04-07 18:38:00","Newspaper hotel per southern be.","2"
"587","25","948","61","2018-04-07 19:54:17","Democrat their drop name speak rule picture certainly.","4"
"588","47","1905","63","2012-09-08 05:01:19","Tax expert establish step represent agree between.","4"
"589","85","85","41","2010-07-07 15:06:52","Else international claim language grow present analysis.","4"
"590","7","1088","53","2018-02-05 09:33:04","Least admit time analysis decade positive.","2"
"591","32","1505","36","2009-12-10 08:07:12","System lose size both buy shoulder.","5"
"592","78","753","94","2001-11-14 02:48:50","Ok middle throw wind break threat particular set.","2"
"593","81","1876","92","2004-05-13 15:23:46","Happen generation form project.","3"
"594","4","1283","72","2007-02-11 11:52:03","Finish environmental thought.","1"
"595","51","288","29","2003-01-24 05:46:04","Service detail manager.","5"
"596","87","1976","17","1993-05-05 14:13:36","Meet partner finish detail.","3"
"597","59","1061","56","1995-07-05 12:38:09","Gun hear somebody push feeling.","1"
"598","73","109","97","2019-01-09 13:49:10","How suffer me admit.","5"
"599","40","936","44","1983-02-26 14:21:10","Full matter not water nation sound leg whom.","1"
"600","13","1764","77","1981-06-06 08:45:00","Up instead four raise responsibility military.","3"
"601","76","1440","17","2000-11-28 11:28:19","Challenge soldier matter young stand me.","3"
"602","75","3","21","2019-05-26 02:14:00","Whether lay approach need tend owner.","5"
"603","72","1360","36","1983-10-13 17:39:33","They body occur food somebody.","5"
"604","41","1511","78","1972-04-18 22:45:09","Rest trouble pick baby should through enough garden.","3"
"605","8","426","87","1988-02-11 00:28:14","Quite true my year.","4"
"606","18","891","86","2010-12-13 11:09:21","Relate relate moment.","4"
"607","56","1840","55","2003-11-26 22:07:46","Main Congress security realize move.","1"
"608","70","1572","53","2021-12-02 11:03:38","Simply letter another dog hour year so.","5"
"609","53","620","48","2006-02-07 15:34:32","Term clearly at black fine.","1"
"610","70","1263","3","1984-08-10 04:04:41","Toward indicate husband just car plant.","1"
"611","24","1613","14","2018-04-14 17:06:34","Town share discussion class no lot.","5"
"612","92","739","38","2009-01-15 06:07:47","Four site reach significant thank be.","2"
"613","83","1628","81","1982-09-15 10:54:14","Debate girl wide cup whole age boy economy.","2"
"614","88","1867","69","2013-08-03 12:52:51","How loss option throw amount political.","1"
"615","53","693","18","1999-01-19 01:09:35","Wait like popular what concern challenge thank value.","5"
"616","97","611","74","1983-06-09 12:46:39","Enough leg look organization trouble particular college.","1"
"617","12","1539","2","2007-05-30 19:42:40","Want major space party.","3"
"618","88","487","28","2014-03-05 15:16:02","Memory whatever international her represent suddenly.","4"
"619","80","570","26","1985-02-01 00:31:51","Democratic rate central still.","1"
"620","51","886","32","1990-03-10 11:47:12","Beyond simple cause clearly opportunity sea.","2"
"621","21","194","30","2017-01-13 18:53:20","Choice seven particularly three economy hour traditional.","5"
"622","1","1981","52","1994-08-18 06:51:30","Which bill from fine race off.","4"
"623","8","1219","87","2002-07-18 23:47:28","Rest new able theory miss property.","1"
"624","63","1021","85","1972-10-24 13:02:44","Also lay outside price where.","4"
"625","64","802","30","2017-01-15 07:26:29","Determine rise cut catch down indicate argue apply.","1"
"626","40","334","27","1985-09-09 22:04:48","Quite new owner group.","2"
"627","93","1400","33","2022-10-18 18:08:39","Film character morning rich generation system land.","5"
"628","77","520","74","1978-07-23 04:59:54","Past both industry I media that window think.","3"
"629","21","1203","41","1998-04-30 10:38:03","State positive how authority well.","3"
"630","80","1797","52","1994-07-22 14:42:43","Near story avoid top no.","5"
"631","18","938","12","2001-06-20 10:48:32","Itself energy that worry sometimes assume raise.","5"
"632","67","1624","60","1997-04-24 11:54:22","Production born something low ask movie oil he.","5"
"633","32","1726","37","1979-03-19 15:38:42","Like prevent writer start cell usually.","3"
"634","74","1310","29","1995-09-10 07:09:30","Window sit poor nature Mrs about owner.","3"
"635","34","322","28","1972-12-31 23:49:24","Board away real government college indicate could.","1"
"636","90","354","65","1987-01-15 21:03:15","Financial difficult almost assume whole short resource.","1"
"637","1","408","17","1989-11-09 14:05:17","View second child social whose speak author.","4"
"638","70","1867","53","1971-05-17 20:59:01","Full develop reality different direction American.","4"
"639","40","270","18","1994-08-20 14:10:35","Dark rest thus stay floor.","2"
"640","80","516","80","1970-05-24 07:05:07","Hold consumer deal baby morning after.","4"
"641","81","1822","9","1990-12-19 02:16:10","Discover her around necessary let factor spring.","5"
"642","55","1277","35","1971-10-15 04:50:13","Determine subject prevent assume special hot same.","3"
"643","67","892","55","2003-07-03 13:35:21","Man fact ask smile.","2"
"644","79","391","15","2005-01-11 14:18:01","Put relate message above start.","1"
"645","19","1520","77","2016-10-05 03:13:34","Late charge especially attorney year stuff.","5"
"646","50","54","50","1985-01-06 13:33:12","During near environmental.","2"
"647","30","187","4","1995-11-29 22:56:19","House concern office practice approach.","1"
"648","31","1372","75","2003-05-21 13:39:56","Throughout process only over office budget state.","1"
"649","32","1373","36","1979-02-24 04:15:12","Science know herself mind special economic consumer.","2"
"650","93","771","70","2015-09-01 08:32:45","Product society wide alone morning exist task.","2"
"651","8","1160","26","1972-07-22 08:19:07","You event table certain enjoy.","3"
"652","15","617","68","2004-10-22 20:06:41","Above measure memory stuff.","3"
"653","17","17","79","1993-07-29 13:26:19","Interest wonder young still yes policy.","1"
"654","93","1801","12","2011-02-21 17:24:30","Clear onto middle control central new.","4"
"655","8","1926","63","2018-01-12 06:58:56","Fund mean approach.","1"
"656","2","63","76","2016-09-16 14:15:56","Window effect all window.","1"
"657","20","1423","6","1987-07-29 12:44:37","Then side walk everyone exactly.","3"
"658","47","495","6","1989-01-12 03:24:44","Remember serious whether design young act yard.","1"
"659","32","666","24","1979-09-05 00:40:07","Notice pressure six necessary.","2"
"660","59","1147","36","1984-08-16 09:42:05","On put pressure offer begin.","2"
"661","79","181","94","1977-10-12 07:43:35","Some range sport.","3"
"662","10","493","87","1993-03-02 08:09:19","Individual author name response.","4"
"663","66","422","64","1990-07-15 03:03:10","Quite couple tax structure institution cover finally behavior.","1"
"664","19","193","11","2011-02-09 12:00:47","Race mother answer through.","3"
"665","5","1744","65","1997-05-01 23:08:14","Through field key economy.","4"
"666","22","1525","41","2009-11-28 05:11:32","Exist reach nearly possible hour available style ask.","2"
"667","54","1673","92","2014-12-01 04:50:38","Control box anyone concern four.","1"
"668","85","837","96","1997-10-15 06:34:06","Material list performance.","2"
"669","70","1241","22","2008-01-20 05:38:46","Camera get guy hard.","3"
"670","87","721","72","1994-07-16 08:32:46","Pay either society trouble mind.","3"
"671","76","1605","59","1990-10-30 06:44:03","Cut left wrong along democratic option student.","4"
"672","63","728","17","1998-03-05 05:14:20","Answer dark trial listen weight task.","4"
"673","99","191","92","2006-11-05 20:27:18","Accept school north itself.","4"
"674","23","1103","44","2012-01-20 06:20:54","Rich institution air ago official consider.","1"
"675","92","350","99","2008-06-19 08:16:48","Cell head century have morning lose move.","4"
"676","42","1550","57","2010-12-21 08:47:57","Suggest full grow such party involve well believe.","3"
"677","10","1317","31","1993-09-26 07:20:14","Bank air within.","5"
"678","27","296","30","2001-10-16 16:03:55","Authority green song speak office result possible.","4"
"679","67","304","56","2011-03-30 01:05:27","I apply sound.","5"
"680","12","287","0","2002-09-16 14:27:33","Everybody every ready possible.","2"
"681","36","1550","46","2001-09-28 23:52:53","I approach wall per something along.","1"
"682","8","243","90","1990-04-19 21:23:02","Suddenly language company too bed main.","2"
"683","22","506","29","1983-04-07 17:07:46","Cause think pull possible.","5"
"684","24","151","65","2022-10-17 00:14:11","Act if by few style.","2"
"685","19","1020","88","2016-12-03 12:45:28","Smile bar over power various name close.","1"
"686","4","1001","55","1970-11-29 09:25:52","Late public anyone stock decade budget space.","3"
"687","86","1453","69","1977-02-26 12:21:35","Cultural now before hand.","1"
"688","31","1105","49","2008-02-05 02:44:32","As security analysis.","5"
"689","30","680","86","2018-08-19 20:14:04","Owner off fall official medical truth.","2"
"690","45","1089","8","1986-01-02 12:08:52","Arrive business together set fight identify.","4"
"691","82","57","3","1991-06-30 09:36:52","Value agent price hundred.","3"
"692","99","900","87","2000-09-19 12:40:15","Reach agency news service certain let.","3"
"693","73","108","52","2015-12-18 11:17:31","Would base network stock red religious wife.","2"
"694","63","1004","93","1974-02-25 07:33:15","Million design can add role.","5"
"695","87","1107","68","2016-07-04 22:23:54","Dark seek artist stay might food action.","4"
"696","78","340","62","2015-10-01 03:47:31","Have street nor how mission official.","2"
"697","40","397","87","1977-03-22 04:57:32","Act hundred degree.","4"
"698","48","875","22","1986-10-05 01:48:25","We law ball edge.","2"
"699","81","1513","58","2021-08-10 20:19:46","Chair painting successful once no.","2"
"700","41","614","9","1988-03-08 06:06:36","Lot seven while church service final.","5"
"701","21","1661","19","1981-09-28 03:38:18","Name adult shake coach dinner.","3"
"702","1","184","17","1971-06-30 15:52:55","Air night window own stand police not.","3"
"703","56","144","22","1998-03-29 09:07:03","Bring pass common voice.","2"
"704","74","1994","66","1977-11-26 01:17:06","Record turn born.","3"
"705","3","1209","59","1996-05-04 17:20:57","Raise free others situation clearly.","4"
"706","89","36","28","1980-07-30 22:37:17","Represent return as drug.","4"
"707","94","608","68","1983-08-03 00:59:34","Want under writer book difference oil room.","2"
"708","85","1918","17","1975-09-20 11:08:00","My service discuss daughter ability.","5"
"709","16","809","6","2004-12-09 09:04:05","That night example radio center seem.","5"
"710","14","1331","89","2015-11-20 05:45:47","Once just number upon occur.","4"
"711","9","266","66","2021-02-06 07:34:18","Thus back hope suggest production perform window very.","2"
"712","93","1963","34","2003-12-20 03:58:58","A miss again herself.","5"
"713","93","1543","23","2002-08-18 14:44:58","Civil choose enter popular effect.","4"
"714","68","572","46","2004-05-20 12:23:12","Century possible prove factor.","2"
"715","76","264","36","2014-01-14 18:56:21","Black past occur statement environment visit from none.","2"
"716","35","707","18","1980-01-28 12:59:38","Lose newspaper tonight take draw film.","5"
"717","19","762","89","2012-02-06 01:52:01","Operation whatever student defense discuss beautiful.","2"
"718","15","266","19","1976-01-11 15:35:57","Method public represent difference community plan.","2"
"719","31","523","6","2011-09-22 02:04:03","Individual physical decade product suggest south.","1"
"720","16","883","94","1974-09-27 20:00:29","Art direction dark how citizen whatever.","3"
"721","32","492","84","1993-03-03 17:41:05","Mention will happy than Mr hair.","2"
"722","95","184","26","2011-08-07 23:25:58","Stop fight mouth clearly crime.","3"
"723","78","18","98","1983-12-14 06:36:53","Goal money would realize.","1"
"724","48","509","72","1976-09-26 10:38:29","Life agree family them but book.","4"
"725","11","1329","13","1990-05-18 14:19:15","Live theory more picture.","3"
"726","85","1277","79","1984-03-27 21:35:18","Attention piece firm one.","3"
"727","23","1587","81","2016-01-18 12:54:35","Finish return leader.","1"
"728","36","679","50","2009-07-30 09:36:21","Available cultural truth network understand require.","4"
"729","27","270","7","2016-12-26 06:50:25","Mother enough situation occur.","2"
"730","77","264","58","1976-09-07 19:30:04","Table Republican bad of.","4"
"731","50","931","85","2006-05-19 12:12:50","Partner wide available born eye expert full answer.","5"
"732","58","444","9","1981-09-19 19:50:48","Support themselves past movie improve.","1"
"733","23","1683","54","1976-08-27 15:03:33","Million sing theory benefit.","1"
"734","74","520","70","2020-06-13 17:28:41","Today allow process lose begin rule.","4"
"735","24","744","49","2001-08-09 22:10:40","Worker media kid red government pay.","3"
"736","51","648","28","2004-08-22 10:40:03","Film worry this technology to sport.","2"
"737","8","1105","21","1979-06-20 15:59:41","Professional participant case past responsibility rule.","5"
"738","74","1867","39","1997-12-20 17:23:48","Rise participant stand.","4"
"739","8","1318","59","1980-02-29 22:51:58","Authority free contain enter.","1"
"740","2","392","96","2018-09-22 06:15:50","Same commercial treatment case sport.","2"
"741","30","287","93","1991-07-09 06:07:47","Audience history meet.","4"
"742","36","1536","78","1991-01-24 18:56:24","Protect those industry industry.","4"
"743","14","637","82","1982-10-24 11:39:32","Free response hope live social mouth these.","1"
"744","7","245","29","1986-12-28 15:20:42","Effort necessary democratic.","2"
"745","61","1813","24","1989-05-16 05:44:20","Six town class arm have.","2"
"746","12","1617","81","1984-02-03 18:13:53","Happen especially manager could she start part.","1"
"747","59","761","40","2017-12-15 09:50:10","Land rich clear pattern.","5"
"748","11","162","3","1994-06-10 17:44:38","Political well expert live.","3"
"749","18","60","75","2018-04-21 15:33:51","Eat for purpose city eye.","2"
"750","23","332","90","1970-08-14 02:38:26","Him main case around garden.","4"
"751","33","1673","77","1977-12-23 02:29:56","Heart moment actually peace.","4"
"752","11","682","12","1977-06-25 01:43:05","Too foreign idea who out myself.","1"
"753","2","766","3","1991-06-20 00:57:12","Fight information memory tell.","3"
"754","79","600","11","1985-06-18 01:19:26","Peace care yeah option.","2"
"755","75","479","39","2009-01-15 18:08:49","Idea place behavior the.","2"
"756","57","332","94","2017-10-14 20:17:02","Yet boy drop artist.","3"
"757","18","1541","37","1978-11-08 05:50:29","Nice rock front field professor fish lose.","1"
"758","38","294","78","1974-04-19 13:13:48","Professional watch future public.","2"
"759","44","530","87","1971-12-26 11:09:44","Born half blood movement lawyer like.","2"
"760","72","275","60","2021-03-31 07:25:55","Type city own while industry.","1"
"761","67","507","72","1976-07-29 01:28:51","Hand necessary suffer financial company think could west.","1"
"762","56","724","29","1989-04-02 18:35:02","Cold walk long son teacher.","2"
"763","73","1154","30","1980-10-03 09:01:23","Hold reality read yes hospital.","3"
"764","77","1980","89","1991-08-25 09:48:58","Market American fact get base suggest director.","5"
"765","12","611","71","1971-10-19 02:46:53","Act happy art attention whom third.","2"
"766","53","681","49","1988-11-29 05:42:46","Special possible gun spring study various bit.","5"
"767","55","557","43","1976-05-30 23:37:45","Indeed music group film everybody.","5"
"768","62","651","22","1990-10-31 20:21:05","Difference whom perhaps east culture.","5"
"769","0","30","95","1998-02-18 18:00:10","Shoulder back plan.","1"
"770","36","1021","9","1985-02-27 03:39:16","Effort local shoulder outside.","4"
"771","56","976","95","2009-05-16 09:36:38","Treatment account fear federal.","1"
"772","74","766","91","2008-02-13 05:53:38","Baby cost there magazine miss itself movie.","5"
"773","60","167","0","1970-09-23 09:23:46","Already challenge language week crime body property everything.","1"
"774","34","530","45","1983-06-26 08:15:02","Talk generation recognize yard board country quite.","3"
"775","9","1578","8","2007-11-29 11:55:37","Against weight Mr seek.","5"
"776","87","1534","3","2009-12-19 02:14:45","Short serious option understand box note.","2"
"777","8","647","82","1991-06-13 09:49:11","Fight purpose read country type bag.","4"
"778","29","328","30","1974-01-28 05:03:23","Daughter purpose yeah simple still stuff response.","4"
"779","15","1531","11","1982-05-26 21:20:32","Player suffer store.","4"
"780","95","352","90","1970-08-06 02:21:12","While ball personal sea word boy.","4"
"781","98","574","97","2018-05-11 18:23:35","Very occur reach.","5"
"782","22","1844","26","1982-04-16 22:28:44","Ready individual time commercial company another.","1"
"783","86","169","72","2010-05-01 04:13:40","Career approach defense toward born.","5"
"784","84","758","25","2018-04-16 07:25:20","Leave accept whatever plan approach.","3"
"785","7","1536","17","1979-04-05 04:13:45","Center will cause president.","1"
"786","68","1506","64","1985-12-22 08:27:32","Hope best throughout she agreement.","5"
"787","89","1707","99","1987-11-28 11:08:09","Include detail education example meet poor do.","5"
"788","97","1250","44","2002-06-03 00:12:02","Role during throughout professional list major.","1"
"789","45","1922","86","2011-06-26 03:14:13","Allow base green not agency player feeling.","1"
"790","3","1471","54","1982-05-21 09:48:30","Over character hundred black.","2"
"791","60","1583","93","2022-08-16 08:41:30","Western herself authority.","1"
"792","89","679","9","2021-10-02 16:00:09","Pick box also reach nice.","2"
"793","73","1133","57","2004-12-04 11:25:30","So send it decision budget art answer ready.","5"
"794","76","1351","48","1986-05-14 04:55:25","Operation sport same name push with.","4"
"795","40","1898","76","2016-11-27 12:37:16","Research data page market director.","2"
"796","77","1781","9","2018-04-14 04:24:00","Far more camera hear throughout nice thank red.","3"
"797","78","1360","81","2010-10-03 06:54:58","Sometimes office activity.","3"
"798","42","646","37","1985-07-26 05:30:02","These street writer.","5"
"799","49","1608","94","1989-12-08 13:22:56","Meeting report expect long.","5"
"800","1","785","24","1976-01-12 15:46:16","Series organization green challenge right minute.","4"
"801","43","156","97","1992-06-15 04:02:07","General street career last myself.","1"
"802","67","296","31","2002-02-09 18:23:23","Matter rate piece contain media.","1"
"803","13","83","48","2019-10-27 20:53:45","Live able enough back still.","3"
"804","66","617","71","1976-03-16 04:51:10","Power hope suddenly relate same beautiful turn gas.","2"
"805","12","821","24","2015-04-12 13:03:12","Then candidate over change wonder husband.","5"
"806","50","1441","27","1986-08-26 22:59:09","Every church again night.","2"
"807","42","203","30","2021-09-02 16:15:47","Tv week serious international heart wonder will.","4"
"808","67","1478","96","2022-08-13 10:37:15","That down kind give movement ask reveal probably.","4"
"809","85","1017","23","2009-04-05 23:09:19","Affect probably last memory measure lead.","3"
"810","99","1277","14","1981-04-16 20:43:09","Doctor those sister up from.","5"
"811","53","572","95","1979-03-12 01:10:32","View clearly past such month how.","1"
"812","80","800","25","1972-08-05 13:11:23","Indicate value able mouth concern task about.","4"
"813","92","1331","62","1990-08-14 17:05:34","Happy cover music report.","3"
"814","25","766","48","1973-08-16 15:02:59","Town rate form rule.","4"
"815","49","548","41","2003-01-23 00:30:09","Door mission bag chance nature too.","2"
"816","35","1520","79","1971-01-01 14:36:12","Buy mouth find kitchen close.","5"
"817","46","492","61","1993-03-11 19:47:00","Human rather art.","3"
"818","83","1539","3","1998-02-02 19:12:47","Stage compare under focus when ground.","4"
"819","53","1355","2","1970-03-07 21:17:22","Political pretty suggest member design.","2"
"820","93","419","42","1991-10-24 07:08:07","With for others possible alone environment family.","3"
"821","28","1726","26","2010-09-07 16:33:04","Human woman continue than also check learn.","2"
"822","65","1702","54","1982-12-18 10:40:49","Away speech reach important.","1"
"823","19","1840","67","1990-01-11 22:27:43","Out get beyond window admit home itself.","2"
"824","46","661","98","1984-03-27 15:44:22","Job else six receive.","3"
"825","73","360","12","2005-03-28 23:14:48","Nothing story quickly.","2"
"826","79","1181","42","1982-05-07 02:43:53","Speech general agency although.","1"
"827","30","1938","9","1999-07-26 15:21:46","Better tonight less feel writer door.","4"
"828","92","303","58","1982-08-26 12:05:45","Join meet into hotel court.","1"
"829","25","1886","50","1977-01-03 03:19:04","Improve attention standard nice light toward.","4"
"830","0","1539","99","1991-12-15 08:09:19","Couple area everybody chance cost tax get.","5"
"831","78","1151","52","1999-09-09 18:13:52","Company individual say.","2"
"832","56","1646","98","1990-05-09 04:54:52","Factor anyone hear science.","5"
"833","32","1474","71","1996-07-01 07:44:09","Sense few according writer.","4"
"834","42","1673","54","2022-02-17 09:24:21","Cut plan popular down song.","5"
"835","61","1032","31","1972-11-10 13:44:38","Difference foot this.","4"
"836","54","701","17","2020-02-02 14:29:19","Team leave back south seek run suggest.","3"
"837","91","1017","13","2007-10-28 14:02:04","Not audience clear draw push main.","1"
"838","84","418","93","2011-08-12 10:22:25","City indicate instead sense anything.","3"
"839","59","9","90","1972-12-26 20:43:19","Ten if none usually director opportunity produce.","4"
"840","6","263","64","1986-12-17 08:29:03","Focus sing foreign law.","2"
"841","22","1379","19","2006-10-17 20:44:29","Believe run without coach despite past win.","1"
"842","71","223","90","1982-08-07 22:42:26","Generation tend pattern son gas.","4"
"843","74","1277","75","1986-12-18 02:40:37","Positive or great performance foreign.","3"
"844","9","1541","10","1997-10-30 18:00:46","Feeling party same book.","3"
"845","12","384","68","1988-08-08 21:58:07","Lot late the common war law.","4"
"846","25","1044","45","2015-12-06 14:17:19","Race until recently section listen notice.","4"
"847","42","21","42","2015-10-08 01:42:49","Yes me majority.","1"
"848","45","497","57","1978-03-05 21:10:45","Six attorney public per want home.","4"
"849","85","1499","93","1973-01-12 22:03:52","Standard pull sister answer pick along.","2"
"850","91","1352","8","1988-10-13 13:36:14","Six yet along week per property relationship.","3"
"851","36","1012","62","1974-09-23 22:28:27","Film down such.","3"
"852","64","990","39","1980-09-05 18:47:46","Mind TV in above serve myself base.","1"
"853","39","1603","26","2011-06-11 15:57:53","Those street job perform use organization.","3"
"854","59","990","99","1994-10-20 00:14:10","Shake clear all hour seem.","3"
"855","95","181","99","2000-03-26 13:42:55","Agreement quickly worry team place as.","4"
"856","41","17","3","1970-07-25 20:35:16","Church church second catch institution especially.","3"
"857","54","196","55","2022-07-20 21:20:06","Minute contain always team him age.","5"
"858","41","525","74","1991-06-24 23:34:52","Government majority newspaper onto above plan attention.","2"
"859","31","854","53","1973-05-17 00:56:21","Wall main say choice today.","1"
"860","98","805","1","1994-09-29 22:50:25","Hope we one work down behavior employee.","5"
"861","57","551","89","2005-11-08 03:28:51","Heavy safe store end visit there.","2"
"862","41","1022","4","1987-06-08 16:52:54","Pretty read condition clear list decade like.","2"
"863","96","556","34","1981-04-15 23:56:57","Attack represent save every travel easy can.","1"
"864","91","1283","51","2007-05-05 02:14:33","Perform lay window and protect.","1"
"865","83","679","41","1993-05-16 08:24:13","Expert five difficult animal wrong including continue.","1"
"866","22","934","12","1987-04-08 02:55:39","Compare goal step seven base its.","3"
"867","59","988","1","2016-03-18 15:31:10","Appear or evidence pattern art list.","5"
"868","1","1368","87","1997-12-08 22:33:25","Loss him to stop fight knowledge relate edge.","5"
"869","62","150","38","2005-05-23 07:49:30","Under take rise section point upon.","3"
"870","34","355","60","2002-06-16 13:02:39","Development talk pick hold model pay instead.","5"
"871","23","1168","69","1972-08-29 10:18:18","Baby increase thought picture available safe so.","1"
"872","22","1843","47","1977-12-26 03:46:00","Of although join book.","4"
"873","33","109","87","2004-05-19 14:27:27","Product no respond.","2"
"874","78","1608","58","1988-08-15 12:43:57","Care move production send second politics PM.","1"
"875","64","1503","21","2010-08-02 06:24:53","Everyone possible grow test condition particularly important.","2"
"876","14","1957","72","2015-08-28 00:48:54","Guy yes next thank adult southern.","2"
"877","88","925","91","2008-04-15 04:19:27","Difficult six management meeting involve market left.","2"
"878","42","1126","85","1997-02-22 02:14:36","Door itself lawyer large national success challenge.","1"
"879","81","743","80","2006-06-15 13:57:09","What modern southern bed yes way.","4"
"880","99","1787","4","1987-11-03 21:38:21","Nice after hundred military still have.","1"
"881","1","255","73","1994-01-08 09:56:57","Her by operation language Mr him.","5"
"882","60","1808","16","2002-07-04 08:57:03","Rather garden marriage war church quite stuff.","4"
"883","64","380","94","2014-07-07 10:16:58","Material protect fire important.","3"
"884","21","785","88","1978-08-22 16:38:08","Contain often firm build adult career shake.","3"
"885","87","593","94","2013-01-02 13:15:23","Focus at strong doctor tough collection.","5"
"886","57","1768","32","1991-02-02 07:53:32","Opportunity wrong coach identify life everything.","5"
"887","21","397","43","2016-02-02 23:39:39","Good wonder deal receive join full send.","1"
"888","75","1863","5","2010-09-04 04:42:45","Government tough whom especially sport.","4"
"889","14","1044","80","1997-07-10 10:55:55","Interest learn alone happen happy wrong the know.","3"
"890","88","885","73","1992-04-22 00:25:47","Property many director standard term society.","3"
"891","80","200","67","2009-10-10 20:55:26","Side clearly move agent prepare suggest maybe.","5"
"892","22","1570","88","2020-05-12 09:03:17","Section study claim organization cause husband.","1"
"893","65","334","63","2000-12-14 11:08:05","Significant term image husband beyond heavy.","5"
"894","59","936","20","2022-01-27 18:14:06","Boy final station around.","4"
"895","97","637","73","1971-06-16 22:04:37","Degree shoulder party.","4"
"896","66","1021","3","1997-10-05 15:19:35","Message available personal trip.","4"
"897","83","900","25","1971-06-02 17:48:03","Begin Mr collection.","5"
"898","4","1770","71","1972-03-21 09:29:07","Together various modern center.","3"
"899","98","1511","58","1981-02-21 17:16:25","Minute individual despite information democratic sense manager.","5"
"900","83","1117","37","1987-06-12 08:51:24","Chair far what view individual think.","4"
"901","37","1814","21","1971-09-06 08:17:12","Determine cause training.","4"
"902","96","1160","95","2022-08-14 06:47:14","Represent professional management campaign during upon whole foreign.","2"
"903","6","266","96","2001-12-14 09:06:37","Wide article Democrat director population.","5"
"904","22","1541","59","1972-12-07 03:33:20","Him area despite class.","4"
"905","9","637","78","1992-01-13 01:31:45","About bag office management perform.","1"
"906","32","127","93","2012-01-10 16:46:44","South of discover city finally end control soon.","3"
"907","57","916","17","1985-08-30 20:15:59","Visit mission top.","5"
"908","78","1583","31","2011-08-20 19:50:05","Care still term mean tax between.","2"
"909","25","664","51","2006-08-11 06:47:57","Exactly four power here ask north major.","2"
"910","89","654","65","1989-03-25 10:52:09","Until fish range beyond who onto.","5"
"911","96","379","69","1977-05-07 00:41:51","North south maybe college full travel.","3"
"912","25","1233","9","1987-03-04 03:17:03","Hot development another bit police step attorney.","2"
"913","72","1849","73","2021-01-07 12:00:45","Hot garden best week myself whose could actually.","1"
"914","61","115","7","1998-08-09 16:01:26","Itself morning political.","4"
"915","2","150","25","1998-06-17 04:49:19","Let off ago our add.","3"
"916","28","906","41","2021-01-05 18:40:47","Include television law memory many.","5"
"917","3","1596","33","1986-10-09 19:56:25","Bill attention cold work.","2"
"918","62","220","55","1971-07-16 02:02:56","Happen full teach international read personal.","5"
"919","66","83","61","2000-07-12 13:33:33","Choose administration brother notice clearly.","1"
"920","55","1309","45","1989-11-27 10:50:39","Grow industry her stand.","5"
"921","4","42","57","1985-10-03 18:00:55","Fill tax continue thousand.","4"
"922","98","1956","7","1976-07-07 12:26:13","Budget great note natural feeling source room.","2"
"923","93","1629","95","1996-05-19 15:47:46","Other movement determine beyond former.","4"
"924","49","104","75","2014-04-25 21:47:55","Fact later huge even eat ability believe nation.","4"
"925","88","591","53","1986-04-24 04:49:59","Discussion never major instead.","1"
"926","16","1085","63","1989-05-30 12:06:53","Response cover various any wife they.","1"
"927","25","1419","73","2020-02-15 09:00:18","Speech remember benefit read more least most.","2"
"928","46","1334","74","1984-10-14 20:28:39","Level during experience space.","2"
"929","7","1434","87","1982-09-12 22:17:26","Development how themselves film it.","1"
"930","31","882","22","1972-11-09 01:27:13","Wife letter each eight care.","1"
"931","93","130","36","1985-05-26 23:52:52","Along cover perform give.","5"
"932","22","508","82","1988-01-09 02:42:16","Board clearly worry easy church.","5"
"933","33","558","48","1975-08-23 11:37:37","Activity exist listen third.","1"
"934","18","1836","53","1980-12-06 14:35:17","Senior worry likely.","5"
"935","49","449","19","1976-12-04 17:43:47","Fact entire international although address we.","2"
"936","83","813","14","1982-09-18 02:15:10","Really share leg yeah hear.","5"
"937","66","1504","59","1996-01-31 10:48:57","Cost down piece environment better start.","4"
"938","50","1435","86","2019-07-13 13:44:12","Doctor measure investment late tend discover.","4"
"939","42","1570","58","2016-05-12 05:17:15","Democrat ok attention figure production meet become.","5"
"940","83","1520","84","2016-05-08 00:07:28","Member reach until upon half.","5"
"941","88","607","6","1979-02-19 22:52:48","Dog each quickly make do.","3"
"942","81","322","71","1985-06-30 20:29:15","Network house allow difficult artist.","4"
"943","49","1673","44","1972-01-04 12:42:07","Production place admit lose.","4"
"944","11","183","85","1985-03-12 21:23:03","Avoid project discussion clearly.","1"
"945","5","1957","4","2021-05-24 03:05:01","Wife forward evening ground leg.","3"
"946","64","281","8","1973-04-04 02:25:14","Mrs government degree grow smile.","4"
"947","42","1373","82","2016-07-19 07:54:12","Spring at late.","4"
"948","44","462","13","1989-02-25 07:04:46","Have join only weight.","2"
"949","83","1838","71","2010-08-27 00:35:16","Agent relationship seem can.","1"
"950","60","763","26","2019-05-21 12:19:41","Choose their tend walk hard interesting.","2"
"951","96","352","69","1990-02-24 21:01:12","Morning general ball buy.","5"
"952","9","1656","70","1986-07-24 12:44:43","Name may receive stand.","4"
"953","42","1677","13","2020-09-22 02:51:39","Pull fire learn activity red toward arrive.","3"
"954","38","1109","3","2010-12-26 03:56:06","Evening collection course.","5"
"955","54","874","34","2010-06-14 02:38:42","Trip sit white present.","5"
"956","56","245","63","1987-10-29 21:25:03","Effect senior raise probably say than wish.","2"
"957","24","1209","35","1996-05-09 06:25:10","Share type message despite outside several.","4"
"958","42","848","80","1977-06-11 02:05:34","Church way game success foreign realize.","1"
"959","57","809","49","1971-09-25 18:07:30","Long instead baby fish investment.","2"
"960","9","80","31","1991-02-09 12:48:21","Deep notice message must respond year consider fall.","1"
"961","48","935","69","1993-12-27 09:21:50","Us produce include.","2"
"962","46","144","97","1993-11-15 01:18:35","Store million wish source many last road.","3"
"963","59","1502","75","2017-12-09 00:37:15","When soon soon wrong myself.","2"
"964","77","1612","59","2014-06-30 19:52:13","Represent site clearly goal.","5"
"965","82","1359","6","1980-07-14 21:26:28","Return likely such perform.","4"
"966","6","353","32","2019-12-04 18:26:53","Most goal student shake science decade attack cover.","4"
"967","16","1513","85","1991-12-31 17:01:56","Lot put dinner American difference business run.","4"
"968","93","1079","8","2002-04-26 20:31:09","Century listen southern class represent.","5"
"969","81","1770","77","1980-04-28 01:31:30","Other break cover success themselves right.","3"
"970","82","1972","40","2017-05-07 08:18:34","Far economic evidence southern along behavior language.","3"
"971","48","557","72","2010-11-24 14:01:45","Decade above under among your they position.","3"
"972","30","359","72","1982-07-31 17:36:00","Rich themselves create point on send tend support.","4"
"973","24","1863","47","1992-04-07 04:03:07","Car sit candidate once.","1"
"974","92","239","4","1980-04-12 04:42:27","Side want good certainly front add.","2"
"975","5","1582","63","2012-02-12 01:28:16","Walk sure together produce that what.","3"
"976","37","1655","77","1980-08-12 21:28:35","Significant similar issue manage recognize this enjoy.","1"
"977","42","1793","81","1972-09-30 03:04:08","Enter economic long son.","4"
"978","7","885","34","2002-10-25 03:07:05","Add choose example expect front prevent.","4"
"979","25","807","63","1991-07-02 19:10:27","Exist worker future share pattern.","1"
"980","38","69","95","1971-09-16 14:59:11","Tax low but daughter.","3"
"981","71","1901","67","1971-12-30 09:24:36","Evening radio page recently process kid.","4"
"982","64","614","26","1981-02-23 00:13:49","Congress easy without store need scene whether movie.","3"
"983","2","1670","78","2005-02-22 12:10:10","Point investment best relationship option game others.","3"
"984","76","192","93","1981-09-08 16:10:15","Until hit heart list camera until draw very.","2"
"985","50","493","81","1973-07-26 04:11:04","From thought age against several live must.","4"
"986","43","566","15","1971-03-06 08:40:33","Station not maintain voice.","1"
"987","77","1059","83","2004-01-01 18:57:36","Concern democratic claim all debate.","5"
"988","24","685","97","2002-07-22 23:25:46","Suddenly throughout out six.","3"
"989","3","1004","53","1971-06-12 12:03:23","Cover force section throw represent or decide out.","5"
"990","89","482","85","2010-09-02 01:19:27","Understand recent guess letter lot matter relationship standard.","1"
"991","70","445","73","1991-07-03 10:44:32","Writer father produce goal area training.","4"
"992","86","1581","18","2008-06-15 09:02:24","Leg hand area model could data past hope.","1"
"993","31","379","68","1990-09-08 03:21:31","Bag kind civil.","3"
"994","99","1789","49","2000-02-14 21:16:08","Relationship believe build year trip always draw.","4"
"995","20","978","41","1999-05-17 00:38:25","Also Democrat how wear occur eat.","2"
"996","94","1957","96","2000-04-17 04:31:48","Teacher box relationship mother.","3"
"997","14","0","73","1982-03-21 04:48:30","Worker less imagine two thank figure.","5"
"998","15","1186","8","1978-07-18 18:04:18","Discussion avoid Congress black provide hair.","1"
"999","77","1623","56","2004-10-28 12:05:29","Popular boy hold couple phone maintain arrive.","2"
