"0","35","1059","2014-08-30 04:32:23","Now nothing low standard medical.","2"
"1","68","1017","1978-03-24 05:25:01","Reveal near either program scene key.","5"
"2","44","1653","2007-09-18 02:18:49","Single card total sister wife inside.","2"
"3","74","176","1971-07-07 07:02:56","Because both drug month note institution.","1"
"4","98","743","2020-07-18 21:51:34","Miss fine side cover course race road.","3"
"5","1","1822","1989-09-26 00:25:40","Not occur leader writer onto suggest.","4"
"6","13","242","2020-10-24 15:54:28","Hope development room father.","4"
"7","44","1814","1990-01-12 12:14:09","Instead which discover tree.","3"
"8","80","1984","2007-06-20 09:58:08","Network performance money blue by benefit.","1"
"9","64","555","2003-06-12 12:05:20","Buy attorney both federal material.","5"
"10","37","1865","2016-06-11 15:23:27","Gun war generation likely since.","5"
"11","52","292","1994-03-03 19:53:26","Notice Congress sell cell speech.","5"
"12","22","1643","1994-01-19 19:55:24","Middle but among.","1"
"13","81","6","1992-08-05 07:22:03","Social response own natural.","2"
"14","80","1783","1997-09-24 08:09:23","About business provide group box high.","4"
"15","67","206","2015-01-19 21:47:41","Suddenly scene claim write.","2"
"16","67","584","1980-02-07 17:52:37","Happen building offer key difference.","4"
"17","16","1375","2009-03-26 12:08:13","Until low agree budget son author international.","1"
"18","27","732","2006-10-14 02:45:45","Position matter weight reveal church social see.","1"
"19","76","24","1993-09-06 10:54:21","Fear care be trip wonder PM boy.","5"
"20","81","259","1993-02-05 04:38:31","More every level wonder seek though.","5"
"21","85","1120","1985-06-14 07:54:23","Sure mind somebody.","2"
"22","27","1269","2002-05-30 08:48:08","Member join lot camera admit fight.","5"
"23","98","717","1972-07-17 03:16:14","Assume continue agree crime moment reason.","2"
"24","75","1024","1987-01-27 23:40:01","Raise capital magazine true old.","2"
"25","75","1055","1990-02-14 06:24:57","Discuss argue the party finally wide career charge.","1"
"26","43","936","1995-06-26 09:30:33","Site especially least worker already hear face.","2"
"27","10","750","2022-07-29 11:25:12","Record others there character street politics.","4"
"28","23","925","1981-08-04 02:37:24","Trial public fund official movie under police.","1"
"29","16","1738","1976-10-14 01:52:41","In management member hospital who.","2"
"30","15","1339","2016-12-13 10:08:50","Read staff second including certainly.","3"
"31","58","1074","1997-01-01 00:11:01","Cost clearly its recently.","3"
"32","33","1656","1999-08-17 04:57:02","Number baby recent federal choose yes analysis.","3"
"33","89","1256","1984-10-01 18:34:53","Director task store lead admit value.","1"
"34","49","1684","1997-10-01 05:42:05","Similar hospital sit treatment artist.","1"
"35","10","946","1994-05-13 02:42:41","Stay commercial garden meet summer chance act.","4"
"36","32","1354","2008-03-15 16:11:15","Similar yard himself too sure lead detail listen.","3"
"37","26","1506","1993-02-18 00:28:22","Feeling someone today performance only read.","5"
"38","92","784","1989-02-12 11:25:03","Policy between mention many.","2"
"39","45","315","2019-08-13 18:30:50","Glass same participant method within throughout participant.","5"
"40","20","216","1985-07-12 05:55:57","Teacher interview campaign build rest.","1"
"41","35","210","1988-08-13 04:45:23","Movie our represent blue can.","1"
"42","45","525","2006-05-15 08:53:20","Return do car fast.","3"
"43","53","1543","2010-05-17 00:42:44","Back with American find side good number.","2"
"44","45","1469","2004-07-14 00:57:36","Guess according create daughter feeling why similar.","4"
"45","55","510","1972-02-13 15:17:10","East purpose end site woman ever reflect.","1"
"46","49","780","1978-03-22 11:41:53","Face easy member compare company according.","5"
"47","35","1876","2016-08-04 13:37:42","Determine structure early figure.","3"
"48","27","1620","1982-08-26 07:42:21","Push star suggest difference new discuss.","3"
"49","56","1073","1995-05-01 00:10:45","Dark firm discover official prevent sit.","2"
"50","12","455","2015-05-30 19:45:31","Decade themselves option bag.","3"
"51","39","527","1989-08-21 07:03:49","Certainly question provide central reduce security factor.","4"
"52","93","143","1975-11-10 07:25:38","Why radio exist.","5"
"53","23","540","1971-10-09 23:56:12","Film pay against.","5"
"54","43","373","1971-05-30 07:51:51","Camera fund character success adult wall purpose.","4"
"55","54","1457","2017-12-23 19:07:30","Property baby account difficult lead then.","4"
"56","21","1821","1998-11-15 13:08:08","Best mother similar.","3"
"57","59","1444","1976-02-06 20:32:38","Least nothing property avoid center.","3"
"58","34","1560","1990-01-09 19:05:56","Any century their effort subject science.","3"
"59","93","72","1974-07-16 17:04:21","Ground where music above.","1"
"60","80","790","2009-12-12 09:30:19","Marriage film thank investment employee small.","1"
"61","83","529","1973-07-21 03:35:54","Floor daughter summer same.","3"
"62","86","246","1994-01-09 20:10:10","Morning leave middle feel.","5"
"63","86","305","2017-11-01 20:45:53","Radio system you wish.","3"
"64","45","555","2003-03-26 18:47:01","Citizen you easy summer house way member.","1"
"65","16","137","1991-06-04 01:03:32","Conference inside bank most.","1"
"66","68","79","1980-05-08 16:02:27","Staff reason go.","1"
"67","91","1457","2002-01-01 19:40:17","Activity determine Congress receive ever kitchen.","5"
"68","36","1890","1971-02-07 10:53:09","Not call stay fish good view more value.","4"
"69","94","1330","2010-08-01 16:15:10","Protect lawyer card human present main out.","4"
"70","11","544","1986-03-09 06:12:09","Common work between reach strong business.","4"
"71","42","525","2020-11-19 07:49:23","Listen while nor amount red usually president.","2"
"72","65","1714","1998-12-14 16:48:44","Card tough care unit value career figure support.","4"
"73","82","1334","1970-11-24 02:04:48","We garden security another area buy.","4"
"74","41","1359","2003-01-05 07:55:34","Thank responsibility likely official seem not store.","4"
"75","86","1051","1970-04-13 20:37:40","Several turn idea man thank ever market.","3"
"76","3","640","2001-04-23 16:57:24","Society within more.","2"
"77","44","1560","1971-03-20 03:15:52","Life safe positive social its draw day.","2"
"78","29","1013","2007-06-14 23:24:25","Exist team think culture success himself administration.","2"
"79","81","554","1981-06-16 10:00:20","Game lot it sort fall camera situation.","3"
"80","99","598","1991-01-14 06:50:26","Perform answer lawyer she hear company.","1"
"81","42","770","1997-07-20 17:49:14","Democratic believe history.","4"
"82","76","336","1991-11-10 06:02:37","Themselves sometimes spring six.","2"
"83","63","541","1973-07-06 02:44:18","Bring market full talk service industry realize southern.","4"
"84","69","807","1977-11-04 00:28:06","Must study pick heart more message economy.","1"
"85","8","875","2010-08-05 09:22:36","Next first process summer natural pick data.","1"
"86","61","1101","2006-06-13 08:59:35","Ready one use near able word quality sign.","5"
"87","68","463","1986-02-05 01:57:09","Various daughter me middle scientist.","4"
"88","62","1036","2016-06-24 23:30:56","Commercial far else technology.","5"
"89","58","392","1999-03-10 19:50:45","Author friend need fill treat trade.","4"
"90","15","332","1982-01-03 03:02:04","Clear moment law if piece part however.","2"
"91","70","86","1980-10-14 11:28:25","Nearly force event thousand arm material service.","2"
"92","79","728","2003-12-27 02:03:36","Quality think model difficult organization television.","1"
"93","98","1686","1973-11-09 04:05:19","Yeah cup draw article apply attention south.","4"
"94","60","808","1990-04-19 01:11:25","Heavy party serve relationship.","2"
"95","36","880","1974-02-21 05:40:57","Growth Congress economic long.","5"
"96","55","1440","2001-01-14 04:15:39","Interest although candidate some child argue.","5"
"97","51","272","2013-01-17 09:50:29","Amount include enough card seven.","2"
"98","72","225","1980-01-11 02:29:53","Character office sign factor several.","3"
"99","62","1210","1996-05-10 03:42:44","Drop seem program child what.","2"
"100","65","1408","1990-12-05 00:48:29","According operation west begin.","2"
"101","11","1616","2010-06-19 09:30:38","Evening despite cut order gun year grow.","2"
"102","24","28","2013-12-08 09:34:49","Stand reason control exactly age.","5"
"103","36","242","1997-12-10 11:26:51","Approach letter put push decade.","4"
"104","67","611","1975-08-05 18:56:52","Pass parent different score federal issue information task.","3"
"105","50","1053","1987-12-05 12:15:36","Concern rest magazine save we vote between.","2"
"106","90","626","2014-05-09 16:50:35","View mouth change other left.","1"
"107","74","550","1983-12-21 05:22:55","Cost fight save bag.","1"
"108","29","262","1976-11-21 08:10:50","Various its shoulder fish hospital.","4"
"109","78","1622","1988-05-25 15:21:48","Various bed poor view eight attorney attention remain.","1"
"110","40","217","2018-08-01 06:45:06","Catch most center debate gun science.","5"
"111","84","197","1990-05-13 14:37:40","Service through add case oil head.","4"
"112","70","180","1982-01-13 18:54:14","Various threat difference community cell positive white.","3"
"113","66","167","1999-05-06 11:48:10","Whose card carry girl use must top.","2"
"114","19","1714","1989-10-22 20:48:21","Argue another network even company personal listen town.","2"
"115","14","387","2022-09-11 13:55:46","Expert institution whole young popular.","2"
"116","42","1189","1987-12-15 09:50:48","Force financial law front moment whose.","2"
"117","64","1800","1980-12-20 07:20:09","Animal short lose answer head despite.","4"
"118","30","417","2018-08-19 09:09:24","Sign task maintain how material.","3"
"119","38","929","1994-05-07 08:26:38","Must time million.","4"
"120","8","1639","2022-08-29 18:16:16","Drop structure since process above.","5"
"121","51","1603","1991-09-24 09:50:37","Who general there sister somebody.","4"
"122","18","443","2018-02-19 18:04:36","Its control direction house improve.","2"
"123","55","1853","1993-05-29 12:36:43","Health Democrat lay city painting.","3"
"124","39","51","1998-05-30 15:42:35","Hard store series.","5"
"125","90","629","2018-07-09 12:43:09","Send somebody approach environment nature couple compare.","3"
"126","56","949","1978-05-17 02:33:39","Chance billion should gas.","1"
"127","90","1514","1986-02-26 19:24:31","Rest ever argue them yourself fast court seat.","1"
"128","24","1780","1980-02-08 08:45:50","We series girl property.","5"
"129","8","1043","2001-12-05 00:21:37","Issue whose interesting machine.","2"
"130","50","1304","1995-01-15 06:23:22","Relationship garden she visit.","3"
"131","76","1269","1976-04-21 11:54:36","Consumer with maintain sign think travel.","5"
"132","92","1145","1993-07-06 03:46:01","Sometimes others million others recognize nearly.","2"
"133","51","1524","1979-05-03 07:05:02","Wonder buy discussion music tough pass night born.","3"
"134","92","1578","1977-12-27 11:23:21","Cover number pretty kid always write.","4"
"135","73","1933","1986-02-19 10:41:41","Because large wear.","3"
"136","49","953","2013-06-20 18:16:32","Quite once many look necessary teacher degree.","5"
"137","38","1300","2016-08-30 11:41:50","Decision way also game head she rock.","3"
"138","82","1234","2021-04-03 18:00:14","Manager audience head growth.","5"
"139","32","1761","1970-06-24 06:22:51","None event house.","3"
"140","85","71","2017-05-09 19:26:03","Voice least suggest possible.","2"
"141","61","1569","2019-02-23 07:39:44","Every nearly avoid.","3"
"142","59","1264","1993-08-11 16:31:43","Work marriage five her.","4"
"143","98","319","2015-12-13 16:34:40","Already model food drug Mr prove seek.","5"
"144","17","1312","1973-10-07 00:45:56","Technology really data too mission.","5"
"145","59","1639","2012-11-30 17:51:49","Treat first pick voice Democrat pattern.","2"
"146","0","1791","1972-10-08 23:40:15","Area specific over word force fine on.","5"
"147","80","840","1995-07-25 16:12:03","Sort prove sister couple.","5"
"148","54","862","1970-11-04 17:38:48","Food land level free point floor range could.","5"
"149","3","433","2020-01-08 02:23:20","Note position see.","1"
"150","77","1842","2020-02-13 05:39:52","Lawyer wish enter night.","1"
"151","84","1438","1980-10-30 01:32:59","Institution half interest include article form buy.","3"
"152","91","1157","2016-08-06 14:03:45","Factor itself address.","2"
"153","96","1294","2010-03-14 17:39:59","Exist area term him success most forward.","3"
"154","70","712","2007-09-18 16:40:16","Western share site population.","1"
"155","3","143","1993-11-08 03:27:14","Kid picture particularly by travel finally can.","2"
"156","51","1252","2010-01-07 00:33:03","None phone no concern me avoid citizen.","5"
"157","98","1886","1987-04-03 11:52:21","Ready physical explain fine power.","4"
"158","25","728","1973-11-15 13:07:17","Final middle debate.","4"
"159","81","1086","1973-06-05 00:15:27","Onto opportunity face.","1"
"160","74","785","1984-04-15 00:06:48","Professor enter teach apply book they law spring.","1"
"161","5","998","1972-08-06 10:58:57","Whose huge travel family break total.","4"
"162","58","1398","1982-04-03 03:55:37","Whose which anything care.","2"
"163","27","233","1975-08-27 18:33:41","Establish senior build without herself.","2"
"164","94","1250","1992-11-18 19:37:57","Cell son issue onto such for form.","3"
"165","62","1814","1982-08-24 00:57:49","Mission success wrong skin technology reality.","3"
"166","40","1061","1983-08-22 11:47:57","Then although rock themselves degree.","5"
"167","20","936","1987-07-14 11:02:27","Piece success bank eye letter may.","3"
"168","72","1309","2002-06-20 12:10:38","Perform benefit parent him window section small.","5"
"169","28","336","2012-11-27 07:33:05","Clear billion herself same night goal.","2"
"170","89","924","2019-01-10 20:23:26","Visit paper could business hand nation bit.","4"
"171","87","1440","2017-09-02 22:41:24","Television response draw few reflect marriage account medical.","1"
"172","85","1829","1981-08-22 07:34:25","Future over floor nice.","3"
"173","43","1967","2014-05-27 07:47:04","Treatment claim control party site.","3"
"174","3","181","1972-12-21 05:07:50","System cultural trial.","1"
"175","70","635","2019-10-08 23:49:52","Argue to south decision worry get first.","5"
"176","3","299","2007-09-04 22:37:37","Artist tonight lawyer her number administration collection.","3"
"177","80","1123","1992-01-21 12:06:03","Technology method bring art performance artist toward.","4"
"178","85","1397","2022-06-22 10:46:55","Simply professional difference.","2"
"179","91","116","1982-09-16 09:51:54","Office heart while voice might.","4"
"180","76","974","1991-03-30 07:04:48","Once plant painting force poor.","3"
"181","75","1434","1989-01-05 20:13:09","Television which late list responsibility thus want.","2"
"182","84","672","2009-01-03 22:20:13","Himself themselves hand allow.","1"
"183","35","266","2011-11-21 23:46:21","Trip space organization always area beyond ahead.","4"
"184","66","1885","2013-07-27 16:19:22","Drop hope Mrs story short sing.","5"
"185","74","1542","2011-11-22 20:49:20","Total old despite see manager my.","3"
"186","13","1189","2004-01-20 22:53:20","Partner lay from degree fight manager state probably.","2"
"187","51","293","2022-03-17 23:27:43","Difficult job those success popular hit.","2"
"188","72","1346","2021-02-01 21:31:09","Nor kid send create focus hear.","2"
"189","76","850","1971-07-31 12:42:32","Year interest them together.","5"
"190","35","1016","2019-11-10 16:58:54","Method property record either certain record.","2"
"191","70","730","1976-05-14 01:39:00","Fire present factor article heavy.","2"
"192","40","919","2012-09-25 20:01:15","Work expect authority news central too indicate art.","1"
"193","60","684","1971-12-20 02:50:07","War while expect course vote.","4"
"194","34","604","1990-11-01 07:49:58","Hotel major forget whether.","1"
"195","60","402","2004-07-24 16:51:31","Will firm necessary shake.","4"
"196","20","1803","2014-10-24 14:03:02","Next reality stage.","1"
"197","80","1078","2017-10-18 22:19:48","Herself foreign begin forward party reality.","5"
"198","69","197","1983-05-12 16:47:54","Debate develop sing themselves stay relationship.","1"
"199","71","1424","2017-12-30 19:44:20","Cell approach new.","2"
"200","83","41","1989-04-27 05:18:14","Arrive two force seem make long best.","3"
"201","31","1023","2003-09-12 12:41:39","Machine Republican type behind.","1"
"202","26","1836","2017-07-04 22:33:17","Take rest Mrs season.","1"
"203","61","1444","1980-03-01 11:31:02","According none art allow possible parent report.","2"
"204","19","226","1970-09-18 01:53:37","General marriage first fact.","2"
"205","66","1831","2005-02-04 08:47:01","Success shoulder election lose shoulder.","2"
"206","34","296","2012-05-30 00:06:38","Class teach pass protect save where be.","3"
"207","81","1447","2017-08-24 14:57:32","Claim spring or occur race indeed.","3"
"208","99","936","2000-10-02 07:38:02","Dog former common lawyer.","4"
"209","71","1985","1974-08-15 05:26:49","Cell lot notice quality.","4"
"210","94","1776","1978-04-03 13:18:17","Politics Congress whom guy until past deep four.","2"
"211","17","880","1990-11-12 06:49:36","Live challenge officer carry attack.","5"
"212","99","186","2020-03-02 02:54:49","Worry second less stop.","5"
"213","85","120","2017-10-25 05:25:38","Current mind treatment great.","3"
"214","64","1244","1971-06-27 08:49:27","Democrat ready provide station middle.","5"
"215","36","1323","2001-09-27 21:51:53","Rock process many language many.","2"
"216","23","572","2016-12-09 22:53:00","Population laugh save job.","2"
"217","38","1376","1981-02-22 03:11:51","Outside yet data much.","2"
"218","88","1488","2005-08-24 03:30:04","Discussion mean range study sing gas.","4"
"219","55","1652","2007-12-24 22:32:57","Effort what civil various consider reduce perform.","4"
"220","88","1833","1976-11-04 07:15:14","Need heavy Republican cultural course.","4"
"221","51","239","2004-03-23 06:33:55","Early when bring discuss from.","5"
"222","89","716","1992-07-16 18:59:01","Little face moment so data bit.","3"
"223","65","236","2007-07-15 18:23:19","Son boy management way others final sign movie.","2"
"224","32","1581","1982-01-07 20:27:10","Notice beyond letter capital.","4"
"225","66","728","1979-12-18 16:08:26","West grow black detail line before.","1"
"226","49","991","2006-01-17 18:21:57","Already instead of choice whose method week nothing.","5"
"227","84","1036","2010-04-21 03:40:02","Onto available pass movie.","2"
"228","79","99","2004-04-23 04:24:20","Professional health measure loss share process.","5"
"229","49","1452","1990-12-28 16:16:36","Building continue within expert picture across these.","3"
"230","54","500","2010-02-01 09:32:29","Prevent here great down join.","3"
"231","12","518","2014-03-02 02:53:10","Community team everyone option suffer gas.","3"
"232","59","641","1990-09-05 05:21:21","Forward writer tree manage line.","5"
"233","27","1538","1999-11-10 01:37:52","Large across set time expect situation.","3"
"234","86","649","1989-06-12 17:30:07","Believe tend should medical rather present.","3"
"235","46","1744","2017-12-19 10:44:30","Responsibility material teach anyone operation history adult.","4"
"236","66","1225","1983-07-14 11:46:39","Should yourself news understand hand spend.","2"
"237","97","929","1998-02-09 21:28:59","Mouth house network.","3"
"238","85","1044","2007-07-31 17:13:11","Just himself responsibility television bill.","5"
"239","24","1853","1981-07-25 18:49:27","Method will outside result memory prevent card.","4"
"240","38","934","1993-02-12 12:15:15","Quite four culture watch.","2"
"241","36","1828","1981-04-22 03:18:59","Several indicate spring player amount they strategy.","4"
"242","82","298","1976-11-08 06:11:05","Near ability yes responsibility teach political big.","3"
"243","92","322","2001-05-02 15:13:06","Skin small suffer age seat.","4"
"244","97","1011","2022-03-17 03:04:06","Also expect leave yourself might discover read.","4"
"245","67","156","1976-03-23 02:28:58","Imagine woman month fear garden.","1"
"246","48","1397","1981-10-22 09:26:15","Capital recent new enter.","5"
"247","76","1315","2021-06-21 10:51:27","Idea among account them sometimes.","4"
"248","87","1440","1974-02-25 00:40:40","Truth make several make modern she season.","3"
"249","80","962","2012-10-29 16:21:45","Well body argue lose.","4"
"250","59","268","1989-09-14 09:04:56","Beautiful worker could either least sea technology.","5"
"251","11","958","1983-08-30 14:52:46","Take someone fish describe sometimes realize man dream.","5"
"252","89","352","1997-05-22 04:58:21","Change affect young baby hope.","4"
"253","29","363","2008-09-29 09:40:37","She truth serve evidence girl table organization democratic.","4"
"254","94","1188","1978-07-10 07:11:36","East four model quickly current final ask.","5"
"255","11","1692","2007-04-12 07:34:22","Song example dark reality.","3"
"256","1","1935","1994-03-26 19:31:27","Scene out prove herself action audience.","1"
"257","20","223","1973-05-08 21:04:00","Town order reduce image wait human shake.","1"
"258","61","1548","1982-06-07 11:37:16","Right trial help play.","1"
"259","55","20","1993-11-23 12:05:37","You name you short.","3"
"260","1","966","1993-05-26 05:42:36","Look one son scientist whatever face.","4"
"261","69","167","1992-01-29 23:02:31","Production card church actually ball off.","4"
"262","68","457","2021-11-28 04:59:22","Color traditional we professor.","2"
"263","3","500","1983-03-13 11:11:15","Her then task east community though.","5"
"264","66","1168","2006-03-07 13:54:12","Vote card each down approach.","2"
"265","69","984","1989-03-07 12:23:41","New share perform more require.","1"
"266","63","1178","1994-01-04 17:25:27","Class activity fire remember response religious lose.","4"
"267","43","94","1981-06-21 04:19:58","Beyond anything over cultural direction point.","3"
"268","36","798","1993-10-12 03:57:45","Sell certainly theory may security.","1"
"269","50","246","2001-03-01 13:12:38","Garden total hundred remain.","3"
"270","20","1753","2014-06-27 04:24:21","Take training quickly drive however television.","5"
"271","92","769","1971-03-22 21:33:10","Event different simply us sister speak.","2"
"272","65","1190","2008-01-01 07:46:03","Crime interesting statement recent my others majority my.","5"
"273","12","861","1998-12-21 04:37:31","Leg state doctor current common total foreign.","2"
"274","41","1540","1994-02-16 07:23:43","Turn political she commercial.","2"
"275","49","1886","1970-08-27 15:37:01","Career country science forward relationship than.","5"
"276","60","461","2016-09-13 21:59:30","Structure official mention huge herself.","5"
"277","11","1656","2004-11-25 11:45:57","Mrs trouble analysis may reflect cup.","5"
"278","80","792","2011-11-08 02:31:06","Thank four most me.","1"
"279","26","1573","1982-03-15 07:23:30","Several past direction goal.","5"
"280","61","1782","1987-11-24 11:43:39","Little she despite hit eight understand ten.","1"
"281","38","246","1987-01-15 23:01:24","Rich bag simple agent language easy practice.","2"
"282","92","1330","1977-10-13 00:56:24","Thousand happen show.","5"
"283","9","1256","2017-04-06 06:46:08","Middle difference put general ready southern save young.","4"
"284","76","784","1982-03-25 08:02:07","Stock team over market.","4"
"285","90","1865","2013-02-17 14:11:52","Participant take involve situation.","4"
"286","65","216","2019-02-16 22:30:57","Expert fear throughout once talk such product.","2"
"287","40","258","1987-04-16 08:20:30","Wonder cultural school it.","1"
"288","12","1083","1999-03-29 00:44:42","A former hour me produce.","1"
"289","95","1109","2002-03-06 20:35:50","Reveal star near world.","1"
"290","83","743","2001-12-16 00:03:28","Family whether prove bring dream trial.","1"
"291","68","1861","2015-12-01 15:26:32","Majority during response summer party eye describe.","4"
"292","9","712","2004-08-30 23:21:51","Heart none card coach.","2"
"293","73","412","1990-11-08 15:44:53","Manage consider she well stop.","2"
"294","24","274","1986-06-21 02:53:18","Consumer exactly affect news down yes middle.","4"
"295","99","354","1984-01-25 05:55:22","Part full draw job ready.","3"
"296","94","1670","1985-12-25 11:49:49","Center that federal interest unit course.","3"
"297","30","807","1996-07-27 18:01:09","Best identify final up experience.","5"
"298","70","495","2015-02-15 12:24:17","Then collection old establish.","3"
"299","47","790","1981-02-28 17:45:55","Room leader sell.","1"
"300","89","1052","1999-05-21 16:13:53","Language community pick property after quality.","1"
"301","8","152","1995-04-01 02:24:33","Anyone meet news choose thank hold none.","3"
"302","67","1485","1987-04-04 01:10:52","Bed enter answer research pick player.","2"
"303","23","743","2010-08-16 15:28:44","Sell two us happy.","2"
"304","48","960","1987-11-30 07:10:22","Forget player board real focus house.","4"
"305","35","691","1989-09-30 01:00:02","Chair doctor certain shoulder write.","5"
"306","41","1939","1984-07-03 14:58:22","Big quite plan article use.","1"
"307","2","75","1989-04-19 10:40:45","Campaign say production.","4"
"308","7","816","2012-05-04 23:06:29","Fast pressure specific answer crime.","5"
"309","18","1340","1992-03-28 01:46:29","Write product huge than.","1"
"310","88","488","1999-07-01 06:10:32","Him from tonight phone short miss find.","4"
"311","76","1043","2010-04-01 07:45:42","You leave experience decision five eat after.","1"
"312","9","1083","2000-10-15 22:18:15","Pattern approach or keep difficult which air get.","5"
"313","55","971","1979-12-13 01:41:54","Identify black who run activity.","2"
"314","54","1292","1980-03-29 01:20:54","Letter produce choose military against property character.","2"
"315","63","1654","1994-05-24 06:57:24","Answer kitchen seek cause job.","3"
"316","65","1754","1998-08-12 19:36:44","Citizen record short according response reason form.","3"
"317","57","806","2010-06-21 15:32:32","Plan maybe son hotel evening.","3"
"318","34","1059","1994-09-19 19:29:04","Main send money its lawyer which matter including.","5"
"319","33","1277","2011-05-27 09:48:48","Congress institution include political like.","2"
"320","42","1187","1972-04-04 09:00:37","Capital military PM road determine.","3"
"321","82","41","2006-06-15 06:09:26","Beyond rather your herself number around task part.","1"
"322","15","352","1996-11-30 16:57:52","Discussion scientist bag two remain house.","4"
"323","67","752","2019-11-10 01:42:10","Suddenly since spring leader religious head.","2"
"324","33","411","2013-12-03 12:24:18","Success country arrive loss upon benefit.","2"
"325","95","712","1994-02-13 18:57:25","Provide itself factor mention those policy.","4"
"326","73","604","2012-08-23 19:59:12","Wonder believe activity example heavy member assume.","1"
"327","19","1024","1975-12-29 14:45:22","Role raise eat some response fly sign.","3"
"328","1","1500","1977-07-21 12:03:25","Author staff new consumer seem table piece open.","2"
"329","53","933","2002-04-07 05:35:07","Current picture act case development environment red all.","2"
"330","27","20","1992-11-28 03:50:11","Whose no dinner.","1"
"331","26","465","1984-04-20 18:29:03","Exactly generation expert be modern.","5"
"332","60","1478","1980-07-21 01:10:47","Water moment whatever.","1"
"333","78","1167","2010-08-10 20:05:55","Cultural direction skin remain simply cold early.","2"
"334","81","1353","1994-06-29 10:39:50","Child play approach.","1"
"335","48","982","1979-11-10 20:42:12","Draw crime another painting any phone teach.","5"
"336","71","1814","2017-10-08 01:11:21","Approach source part letter share walk.","1"
"337","26","1190","2022-10-08 05:59:35","Interview ask consumer.","3"
"338","5","737","1996-04-05 18:02:11","Manage plan before myself thus.","2"
"339","13","1286","2004-03-14 06:20:05","Across consumer lay question.","2"
"340","69","802","1971-09-03 12:53:59","Southern analysis relate information street.","2"
"341","64","1304","1985-04-22 18:00:22","Just front arrive owner city.","4"
"342","97","1194","1983-10-26 21:56:37","Key whom remain.","5"
"343","44","962","2004-06-17 20:43:38","Speech red beautiful employee become all.","1"
"344","18","913","1978-10-29 18:19:08","Century well young people.","4"
"345","38","1002","1979-04-22 13:02:53","Anyone more discuss memory list.","4"
"346","30","1212","1998-04-14 04:03:45","Attention word ago leg great industry pick.","4"
"347","24","496","1995-03-31 11:03:09","Run gas whatever far commercial improve.","4"
"348","70","1725","2007-02-22 19:28:52","Any article main democratic population tax.","5"
"349","56","1294","2007-10-12 02:20:39","Decade run half enter management magazine control.","4"
"350","26","1985","2010-03-29 20:58:16","Order fast song baby our.","5"
"351","74","1629","1976-07-30 03:08:40","I bring space few easy name building participant.","4"
"352","46","1794","1976-08-28 11:33:58","Sit organization choice lot really challenge per.","4"
"353","52","991","1972-10-06 09:33:36","Hit toward people Republican describe laugh building.","3"
"354","48","1539","1994-09-19 11:32:30","Likely perhaps impact message.","4"
"355","46","1206","2008-06-16 04:32:36","Artist street movement defense establish four.","5"
"356","42","1537","2009-03-27 04:59:13","Carry can film which west play wonder seek.","3"
"357","84","415","2021-08-09 09:10:54","Class speak light against.","5"
"358","62","354","2003-01-09 11:10:56","Wonder identify performance let brother very because ground.","1"
"359","95","206","2001-08-26 07:00:40","With current TV own mean.","4"
"360","57","1700","1989-09-15 15:47:36","Teach room likely everything as probably surface.","5"
"361","91","1324","2011-02-01 08:41:47","Once again choose hear indicate available space century.","2"
"362","35","1684","1986-06-16 01:49:51","Fight forget person everything.","3"
"363","50","445","1983-03-22 05:16:37","Share for popular represent traditional make.","2"
"364","77","1204","1983-05-28 14:27:27","Beat later be again final.","5"
"365","39","871","2004-02-02 10:39:21","Debate front perhaps look check.","5"
"366","50","1094","1972-08-19 07:01:11","Daughter fine stage member go Democrat about.","5"
"367","20","768","1981-01-12 15:17:38","Treatment morning front let focus head.","1"
"368","84","577","2010-02-14 08:47:05","Like allow PM natural.","4"
"369","17","1321","2016-12-22 08:06:40","Weight throughout able successful culture example.","5"
"370","6","1375","1987-06-24 00:26:16","Week reach movement value side somebody.","1"
"371","26","1884","1993-02-22 11:52:52","Into well while anything soldier record officer.","3"
"372","71","1559","1974-06-25 00:35:56","Number must computer same claim suffer quality reason.","4"
"373","99","98","2012-12-05 04:01:25","Involve the generation thing.","1"
"374","35","1345","2007-11-21 09:16:43","Site in camera drop particular.","2"
"375","99","1290","1987-04-28 18:13:23","Economy gun back spring single far themselves.","3"
"376","84","476","1991-06-22 15:44:19","Goal of pattern foreign.","3"
"377","73","1266","1995-12-24 09:49:10","Easy say form next according reflect some.","5"
"378","40","343","2022-09-25 11:08:44","Hair theory line today attention off.","5"
"379","40","868","2021-09-01 05:07:53","Republican design pattern despite address list.","5"
"380","59","572","2016-02-27 01:26:35","Official relationship small rock court trade.","4"
"381","63","1230","1976-10-08 23:32:00","Cause success community give week green standard.","5"
"382","54","1221","2014-02-12 11:40:42","Mother view get set draw.","3"
"383","83","1990","1989-02-09 04:26:33","Risk yeah something authority skin have.","5"
"384","15","1781","2005-04-23 07:44:11","Senior require executive increase home.","1"
"385","61","1483","1983-03-18 04:07:09","Rock yes top challenge feel if.","4"
"386","40","982","1988-04-11 12:06:44","Mouth so time require.","5"
"387","74","1772","2020-06-25 18:40:19","Religious special whom no radio else artist popular.","3"
"388","21","1180","1979-12-20 20:17:22","Everything protect safe.","2"
"389","15","842","2003-06-15 07:03:53","Home child per report scene indicate among history.","5"
"390","4","418","1985-10-17 13:03:44","Mr season nor return send us whether.","2"
"391","77","991","1990-03-14 05:01:14","Nice west research challenge police well expert.","4"
"392","14","488","2007-01-12 17:17:54","Enter other piece according then.","3"
"393","24","1181","1987-05-08 01:02:23","Avoid sit age realize research movement.","2"
"394","8","925","1970-09-08 16:52:56","Five happen small agency floor building might seem.","1"
"395","22","1832","1980-12-16 16:54:57","Structure though foreign send.","1"
"396","22","789","2004-10-26 01:27:25","Present hospital remember wear factor team.","5"
"397","75","804","2007-01-17 04:17:55","Hit common shake center suddenly learn fund.","3"
"398","24","1522","1980-02-20 03:37:15","Civil control type land outside whatever despite.","2"
"399","58","594","1980-06-28 07:50:11","About option night list billion.","5"
"400","76","629","2003-06-08 07:34:20","Organization will well war local.","3"
"401","7","1484","2010-12-08 09:22:26","Imagine their plant put care green successful.","3"
"402","51","396","2020-08-28 05:29:00","Economy professor ground debate animal area.","5"
"403","72","554","1978-04-03 21:08:06","Her represent rate.","5"
"404","81","210","1987-07-05 20:48:38","Official soon ever statement raise relate really plan.","1"
"405","90","14","1982-02-23 11:09:47","Again hold body power mind either.","4"
"406","52","1824","1997-06-22 13:46:59","Manage law well whose the tax water standard.","4"
"407","17","1324","2004-08-02 06:33:41","Raise act me final remember mean collection.","3"
"408","95","1006","1980-04-21 01:51:00","Service we there off wear.","2"
"409","17","304","1980-05-15 02:57:35","Also them expect pay old chair.","4"
"410","11","85","2000-01-31 08:51:40","Cold staff radio either agreement.","4"
"411","79","1754","1977-11-02 16:29:30","Account affect lawyer or system.","4"
"412","39","1909","2016-11-22 05:15:32","Away record read one into.","5"
"413","76","315","1982-06-04 20:52:40","Surface because can finish probably their.","3"
"414","67","1285","1998-02-16 07:17:01","Theory international read safe money into single pressure.","5"
"415","61","480","1999-02-07 00:48:40","Another week close want box future.","2"
"416","33","780","1991-07-18 10:06:56","With lose high still water.","1"
"417","4","310","1974-08-10 17:01:32","Big minute baby walk modern from.","5"
"418","73","234","1985-04-11 00:09:56","Bed card yeah something expect person.","2"
"419","47","1426","2005-08-25 01:49:02","Answer phone continue there example everybody.","2"
"420","78","924","1979-04-28 23:48:40","Meet for again article rate.","3"
"421","79","318","2015-07-11 19:20:53","Society enjoy line myself can few member and.","2"
"422","33","65","1979-02-03 14:23:31","Goal term item.","2"
"423","61","1603","2012-02-25 19:21:18","Interesting throw color under president.","5"
"424","78","916","1978-12-08 09:37:48","Easy short treat and civil voice.","1"
"425","30","460","1992-09-20 23:46:39","With option college consumer.","1"
"426","54","239","1973-12-17 02:49:09","Reason cause factor glass push system technology point.","5"
"427","25","1615","1993-03-16 20:13:43","Any customer nice behind item since newspaper.","4"
"428","68","324","2019-03-01 20:42:40","Here sense before.","3"
"429","67","1769","1985-12-14 00:40:42","Firm church pay crime majority different customer.","4"
"430","27","578","1995-02-25 22:28:13","Agent account stage improve deal.","2"
"431","58","326","1976-10-27 00:06:31","Someone leg feeling front word.","3"
"432","15","90","1992-10-17 11:47:13","When air old any.","1"
"433","77","1398","2008-01-17 08:58:41","Make game look compare describe everybody.","4"
"434","37","566","1984-09-01 00:27:40","Rule southern relate his four.","5"
"435","5","303","1991-03-02 17:01:57","Agent minute chance price stop ok history method.","5"
"436","24","274","1999-03-10 01:50:24","Ever cold election.","3"
"437","4","293","2016-06-19 18:14:33","Break reveal concern few.","1"
"438","91","1394","1988-01-19 10:31:43","Let election despite pass that.","2"
"439","70","1798","2010-10-20 21:31:48","Stand director outside food campaign.","4"
"440","62","1209","1991-03-03 23:15:43","Nothing middle meeting risk.","5"
"441","99","1855","1996-06-09 00:25:25","Worker brother stay power project prepare home.","1"
"442","47","1302","1983-03-24 07:17:51","Event fall everything group for message city.","4"
"443","9","20","1979-02-24 00:18:08","If drive concern might science.","3"
"444","26","1492","2004-10-09 21:04:10","Message beyond a administration large understand.","3"
"445","25","1302","2015-09-25 18:59:58","Need own culture media value fill.","3"
"446","20","1793","2016-08-22 17:28:16","Event traditional cold begin behavior they long.","4"
"447","37","1885","2004-06-02 05:51:54","Receive base both create last economic indeed.","1"
"448","89","975","2021-04-17 21:50:08","Yeah report water.","2"
"449","63","949","2016-05-20 16:53:15","Show process despite nothing maintain.","1"
"450","9","1223","1979-11-04 20:27:33","Friend house strategy decide who.","3"
"451","72","960","2008-11-14 23:52:57","Our loss Mrs reflect.","2"
"452","77","1776","2013-11-10 02:53:49","Series meeting special rich room position think.","3"
"453","73","1606","1973-11-14 15:50:43","Subject television have whose himself pressure with address.","1"
"454","36","401","1998-08-20 06:48:24","Total new information bit good organization blue.","5"
"455","48","475","1990-05-07 22:33:29","How will else a.","5"
"456","25","1847","1980-03-20 07:29:24","Above fall girl true defense.","4"
"457","54","604","2017-05-11 13:56:08","Yes investment world.","4"
"458","62","1350","2004-10-01 21:52:10","Able example space although.","4"
"459","69","488","2007-01-17 11:23:35","Foot public alone join tax development.","2"
"460","82","1176","1974-03-10 19:28:22","Allow move air student.","3"
"461","47","296","2016-12-31 14:37:00","Individual control must today leg hot campaign.","2"
"462","81","1154","2012-07-30 21:26:41","Share professor church party appear.","2"
"463","65","1909","2013-12-23 04:38:17","North among since red.","1"
"464","57","1159","1985-05-29 16:08:44","Nothing throw during stay country process.","3"
"465","8","1829","2014-01-28 15:40:02","Last along school seem.","3"
"466","89","1966","1980-09-01 23:56:52","Push necessary audience local end interest.","4"
"467","96","810","2020-12-06 01:26:02","Follow attorney blood keep deal.","4"
"468","59","1129","1989-11-17 16:37:14","Break store summer their anything.","2"
"469","97","965","2005-02-10 00:06:37","Vote eye quite join.","3"
"470","22","1293","1990-12-05 20:29:47","Response size hotel game.","1"
"471","75","1947","1983-03-25 01:05:59","Forget concern win cause talk effort of.","2"
"472","24","1455","1974-06-10 10:32:01","Attention feel mission off.","3"
"473","84","1477","1970-04-14 02:45:44","Surface today share station all allow read ground.","4"
"474","63","1958","1984-12-06 17:37:31","None remain around evening.","2"
"475","33","1778","1991-06-24 11:14:52","Understand light cause matter process.","4"
"476","39","1318","2002-11-01 00:43:03","Sport today turn charge free.","1"
"477","58","1190","1987-01-22 12:35:17","Discuss drop light likely.","4"
"478","59","950","1978-03-27 08:31:09","Woman pattern bad human.","1"
"479","77","1548","1970-07-22 13:23:11","Indicate find clear behavior appear.","2"
"480","22","1538","1985-07-29 14:11:02","Face long whose.","3"
"481","79","1283","1999-08-30 03:55:12","Little particular individual out big.","1"
"482","50","304","1991-07-13 02:34:18","Clearly attack I sport audience.","3"
"483","66","1920","1970-02-22 00:39:57","Each crime sit heavy leg want.","2"
"484","88","1616","1986-06-19 12:08:19","Fire clearly threat rate stand stuff late.","5"
"485","34","1480","2001-05-11 16:39:15","Prepare build great loss.","3"
"486","27","1376","2012-04-08 12:44:18","Cell threat including sister reflect.","5"
"487","87","1945","1974-12-11 08:26:54","Try owner coach only piece we.","2"
"488","23","1958","2017-05-03 05:33:14","Watch set article war rich.","5"
"489","15","1334","2006-03-20 04:25:30","Decade me have camera.","3"
"490","32","1317","1989-01-28 15:02:51","Support nature stuff.","3"
"491","26","1768","2018-06-26 02:32:00","Common everybody off finally effect never offer.","5"
"492","44","1947","1999-10-20 19:57:11","Our laugh central.","1"
"493","70","905","2011-03-10 07:57:08","Money six professional although specific image.","2"
"494","51","140","1975-03-14 06:34:04","Democratic change media year movie identify nature.","3"
"495","57","737","2019-07-20 02:21:57","Least ahead art behavior truth be.","2"
"496","92","746","2005-10-05 02:55:38","Memory treatment help series population word guess.","2"
"497","15","170","1994-08-13 23:24:48","Head beautiful ability available agree film.","1"
"498","3","41","2017-12-24 13:44:17","Effect sister often face cell beautiful Mrs.","3"
"499","4","307","1996-10-24 03:38:00","Smile left spring risk score.","1"
